ENABLE,release_key,id,mst_in_game_id,language,result_tips,description
e,202509010,develop_advent_00001_ja,develop_advent_00001,ja,テストTipsメッセージ,""
e,202509010,develop_advent_battle_ja,develop_advent_battle,ja,テストTipsメッセージ,""
e,202509010,tutorial_1_ja,tutorial_1,ja,チュートリアル,""
e,202509010,tutorial_2_ja,tutorial_2,ja,チュートリアル,""
e,202509010,tutorial_3_ja,tutorial_3,ja,チュートリアル,""
e,202509010,default_pvp_ja,default_pvp,ja,"",""
e,202509010,pvp_202509010_01_ja,pvp_202509010_01,ja,"",""
e,202510010,pvp_spy_01_ja,pvp_spy_01,ja,"",""
e,202510010,pvp_dan_01_ja,pvp_dan_01,ja,"",""
e,202511010,pvp_mag_01_ja,pvp_mag_01,ja,"",""
e,202510010,pvp_spy_02_ja,pvp_spy_02,ja,"",""
e,202511020,pvp_yuw_01_ja,pvp_yuw_01,ja,"",""
e,202511020,pvp_yuw_02_ja,pvp_yuw_02,ja,"",""
e,202512010,pvp_sur_01_ja,pvp_sur_01,ja,"",""
e,202512010,pvp_sur_02_ja,pvp_sur_02,ja,"",""
e,202512015,pvp_Xmas_01_ja,pvp_Xmas_01,ja,"",""
e,202509010,enhance_00001_ja,enhance_00001,ja,"",""
e,202509010,normal_spy_00001_ja,normal_spy_00001,ja,"",【属性情報】\n無属性の敵が登場するぞ!
e,202509010,normal_spy_00002_ja,normal_spy_00002,ja,"",【属性情報】\n無属性の敵が登場するぞ!
e,202509010,normal_spy_00003_ja,normal_spy_00003,ja,"",【属性情報】\n青属性の敵が登場するので黄属性のキャラは有利に戦うこともできるぞ!\nさらに、無属性の敵も登場するぞ!\n\n【コマ効果情報】\n攻撃UPコマが登場するぞ!\n特性で攻撃UPコマ効果UPを持っているキャラを編成しよう!
e,202509010,normal_spy_00004_ja,normal_spy_00004,ja,"",【属性情報】\n無属性の敵が登場するぞ!
e,202509010,normal_spy_00005_ja,normal_spy_00005,ja,"",【属性情報】\n無属性の敵が登場するぞ!
e,202509010,normal_spy_00006_ja,normal_spy_00006,ja,"",【属性情報】\n青属性の敵が登場するので黄属性のキャラは有利に戦うこともできるぞ!\n\n【コマ効果情報】\n攻撃UPコマが登場するぞ!\n特性で攻撃UPコマ効果UPを持っているキャラを編成しよう!
e,202509010,hard_spy_00001_ja,hard_spy_00001,ja,"",【属性情報】\n無属性の敵が登場するぞ!
e,202509010,hard_spy_00002_ja,hard_spy_00002,ja,"",【属性情報】\n無属性の敵が登場するぞ!
e,202509010,hard_spy_00003_ja,hard_spy_00003,ja,"",【属性情報】\n青属性の敵が登場するので黄属性のキャラは有利に戦うこともできるぞ!\nさらに、無属性の敵も登場するぞ!\n\n【コマ効果情報】\n攻撃UPコマが登場するぞ!\n特性で攻撃UPコマ効果UPを持っているキャラを編成しよう!
e,202509010,hard_spy_00004_ja,hard_spy_00004,ja,"",【属性情報】\n無属性の敵が登場するぞ!\n\n【ギミック情報】\n最初からステージに出現している敵を倒すと、追加で敵が出現するようになるぞ!
e,202509010,hard_spy_00005_ja,hard_spy_00005,ja,"",【属性情報】\n無属性の敵が登場するぞ!\n\n【ギミック情報】\n敵を倒すたびに追加で敵が出現するようになるぞ!
e,202509010,hard_spy_00006_ja,hard_spy_00006,ja,"",【属性情報】\n青属性の敵が登場するので黄属性のキャラは有利に戦うこともできるぞ!\n\n【コマ効果情報】\n攻撃UPコマが登場するぞ!\n特性で攻撃UPコマ効果UPを持っているキャラを編成しよう!
e,202509010,veryhard_spy_00001_ja,veryhard_spy_00001,ja,"",【属性情報】\n青属性の敵が登場するので黄属性のキャラは有利に戦うこともできるぞ!\nさらに、無属性の敵も登場するぞ!\n\n【コマ効果情報】\n暗闇コマが登場するぞ!\n\n【ギミック情報】\n敵自身の攻撃UPをしてくる敵が登場するぞ!\n\nコマを進むと、敵が追加で出現するようになるぞ!\n\nまた、このステージでは特別ルールがあるぞ!
e,202509010,veryhard_spy_00002_ja,veryhard_spy_00002,ja,"",【属性情報】\n青属性の敵が登場するので黄属性のキャラは有利に戦うこともできるぞ!\nさらに、無属性の敵も登場するぞ!\n\n【コマ効果情報】\n攻撃DOWNコマ、ダメージコマ、突風コマ、暗闇コマが登場するぞ!\n攻撃DOWNコマを避けて戦うことを意識しよう!\n\nまた、このステージでは特別ルールがあるぞ!
e,202509010,veryhard_spy_00003_ja,veryhard_spy_00003,ja,"",【属性情報】\n青属性の敵が登場するので黄属性のキャラは有利に戦うこともできるぞ!\n黄属性の敵が登場するので緑属性のキャラは有利に戦うこともできるぞ!\nさらに、無属性の敵も登場するぞ!\n\n【コマ効果情報】\nダメージコマが登場するぞ!\n\n【ギミック情報】\nスタン攻撃をしてくる敵が登場するぞ!\n特性でスタン攻撃無効化を持っているキャラを編成しよう!\n\nまた、このステージでは特別ルールがあるぞ!
e,202509010,veryhard_spy_00004_ja,veryhard_spy_00004,ja,"",【属性情報】\n青属性の敵が登場するので黄属性のキャラは有利に戦うこともできるぞ!\n\n【ギミック情報】\n氷結攻撃をしてくる敵が登場するぞ!\n特性で氷結攻撃無効化を持っているキャラを編成しよう!\n\n味方がコマに侵入すると、出現する敵もいるぞ!\n\nまた、このステージでは特別ルールがあるぞ!
e,202509010,veryhard_spy_00005_ja,veryhard_spy_00005,ja,"",【属性情報】\n無属性の敵が登場するぞ!\n\n【コマ効果情報】\n突風コマ、毒コマが登場するぞ!\n特性で突風コマ無効化や毒ダメージ軽減を持っているキャラを編成しよう!\n\n必要リーダーPの低いキャラが活躍するぞ!\n\nまた、このステージでは特別ルールがあるぞ!
e,202509010,veryhard_spy_00006_ja,veryhard_spy_00006,ja,"",【属性情報】\n青属性の敵が登場するので黄属性のキャラは有利に戦うこともできるぞ!\n\n【コマ効果情報】\n攻撃UPコマが登場するぞ!\n特性で攻撃UPコマ効果UPを持っているキャラを編成しよう!\n\n【ギミック情報】\n氷結攻撃をしてくる敵が登場するぞ!\n\nまた、このステージでは特別ルールがあるぞ!
e,202509010,normal_gom_00001_ja,normal_gom_00001,ja,"",【属性情報】\n無属性の敵が登場するぞ!
e,202509010,normal_gom_00002_ja,normal_gom_00002,ja,"",【属性情報】\n無属性の敵が登場するぞ!
e,202509010,normal_gom_00003_ja,normal_gom_00003,ja,"",【属性情報】\n黄属性の敵が登場するので緑属性のキャラは有利に戦うこともできるぞ!\nさらに、無属性の敵も登場するぞ!\n\n【コマ効果情報】\nダメージコマが登場するぞ!\n特性でダメージコマ無効化を持っているキャラを編成しよう!\n\n【ギミック情報】\n時間経過で攻撃の高いファントムが大量に出現するぞ!\n攻撃の高いキャラで素早くキュイを倒そう!
e,202509010,normal_gom_00004_ja,normal_gom_00004,ja,"",【属性情報】\n無属性の敵が登場するぞ!\n\n範囲攻撃のキャラが活躍するぞ!
e,202509010,normal_gom_00005_ja,normal_gom_00005,ja,"",【属性情報】\n無属性の敵が登場するぞ!
e,202509010,normal_gom_00006_ja,normal_gom_00006,ja,"",【属性情報】\n黄属性の敵が登場するので緑属性のキャラは有利に戦うこともできるぞ!\n\n【コマ効果情報】\nダメージコマが登場するぞ!\n特性でダメージコマ無効化を持っているキャラを編成しよう!\n\n【ギミック情報】\n味方の攻撃DOWNをしてくる敵や\n敵自身に被ダメージカットを付与する敵が登場するぞ!\n遠距離攻撃のキャラが活躍するぞ!
e,202509010,hard_gom_00001_ja,hard_gom_00001,ja,"",【属性情報】\n無属性の敵が登場するぞ!\n\n【コマ効果情報】\n攻撃UPコマが登場するぞ!\n特性で攻撃UPコマ効果UPを持っているキャラを編成しよう!
e,202509010,hard_gom_00002_ja,hard_gom_00002,ja,"",【属性情報】\n無属性の敵が登場するぞ!
e,202509010,hard_gom_00003_ja,hard_gom_00003,ja,"",【属性情報】\n黄属性の敵が登場するので緑属性のキャラは有利に戦うこともできるぞ!\nさらに、無属性の敵も登場するぞ!\n\n【コマ効果情報】\nダメージコマが登場するぞ!\n特性でダメージコマ無効化を持っているキャラを編成しよう!\n\n【ギミック情報】\n時間経過で攻撃の高いファントムが大量に出現するぞ!\n攻撃の高いキャラで素早くキュイを倒そう!
e,202509010,hard_gom_00004_ja,hard_gom_00004,ja,"",【属性情報】\n無属性の敵が登場するぞ!
e,202509010,hard_gom_00005_ja,hard_gom_00005,ja,"",【属性情報】\n無属性の敵が登場するぞ!\n\n【コマ効果情報】\nダメージコマが登場するぞ!\n特性でダメージコマ無効化を持っているキャラを編成しよう!
e,202509010,hard_gom_00006_ja,hard_gom_00006,ja,"",【属性情報】\n黄属性の敵が登場するので緑属性のキャラは有利に戦うこともできるぞ!\n\n【コマ効果情報】\n攻撃UPコマ、ダメージコマが登場するぞ!\n特性で攻撃UPコマ効果UPやダメージコマ無効化を持っているキャラを編成しよう!\n\n【ギミック情報】\n味方の攻撃DOWNをしてくる敵や\n敵自身に被ダメージカットを付与する敵が登場するぞ!
e,202509010,veryhard_gom_00001_ja,veryhard_gom_00001,ja,"",【属性情報】\n黄属性の敵が登場するので緑属性のキャラは有利に戦うこともできるぞ!\nさらに、無属性の敵も登場するぞ!\n\n【コマ効果情報】\n攻撃DOWNコマ、ダメージコマが登場するぞ!\n特性で攻撃DOWNコマ無効化を持っているキャラを編成しよう!\nダメージコマを避けて戦うことを意識しよう!\n\nまた、このステージでは特別ルールがあるぞ!
e,202509010,veryhard_gom_00002_ja,veryhard_gom_00002,ja,"",【属性情報】\n青属性の敵が登場するので黄属性のキャラは有利に戦うこともできるぞ!\n黄属性の敵が登場するので緑属性のキャラは有利に戦うこともできるぞ!\n\n【コマ効果情報】\n攻撃UPコマ、ダメージコマが登場するぞ!\n特性で攻撃UPコマ効果UPを持っているキャラを編成しよう!\nダメージコマを避けて戦うことを意識しよう!\n\n【ギミック情報】\nスタン攻撃、氷結攻撃をしてくる敵が登場するぞ!\n\n時間経過で、突如上空から出現する敵もいるぞ!\n盤面をしっかり確認しよう!\n\nまた、このステージでは特別ルールがあるぞ!
e,202509010,veryhard_gom_00003_ja,veryhard_gom_00003,ja,"",【属性情報】\n黄属性の敵が登場するので緑属性のキャラは有利に戦うこともできるぞ!\nさらに、無属性の敵も登場するぞ!\n\n【コマ効果情報】\n攻撃DOWNコマ、ダメージコマが登場するぞ!\n特性で攻撃DOWNコマ無効化を持っているキャラを編成しよう!\nダメージコマを避けて戦うことを意識しよう!\n\n【ギミック情報】\n時間経過で攻撃の高いファントムが大量に出現するぞ!\n攻撃の高いキャラで素早くキュイを倒そう!\n\nまた、このステージでは特別ルールがあるぞ!
e,202509010,veryhard_gom_00004_ja,veryhard_gom_00004,ja,"",【属性情報】\n青属性の敵が登場するので黄属性のキャラは有利に戦うこともできるぞ!\n\n【コマ効果情報】\nダメージコマ、毒コマが登場するぞ!\n特性でダメージコマ無効化や毒ダメージ軽減を持っているキャラを編成しよう!\n\n【ギミック情報】\nノックバック攻撃、毒攻撃をしてくる敵や\n敵自身の攻撃UPをしてくる敵が登場するぞ!\n\n時間経過で、突如上空から出現する敵もいるぞ!\n盤面をしっかり確認しよう!\n\nまた、このステージでは特別ルールがあるぞ!
e,202509010,veryhard_gom_00005_ja,veryhard_gom_00005,ja,"",【属性情報】\n赤属性の敵が登場するので青属性のキャラは有利に戦うこともできるぞ!\n青属性の敵が登場するので黄属性のキャラは有利に戦うこともできるぞ!\n\n【コマ効果情報】\n攻撃UPコマ、攻撃DOWNコマ、ダメージコマが登場するぞ!\n特性で攻撃UPコマ効果UPや攻撃DOWNコマ無効化を持っているキャラを編成しよう!\nダメージコマを避けて戦うことを意識しよう!\n\n【ギミック情報】\n氷結攻撃、毒攻撃をしてくる敵が登場するぞ!\n\n時間経過で、突如出現する敵もいるぞ!\n盤面をしっかり確認しよう!\n\nまた、このステージでは特別ルールがあるぞ!
e,202509010,veryhard_gom_00006_ja,veryhard_gom_00006,ja,"",【属性情報】\n黄属性の敵が登場するので緑属性のキャラは有利に戦うこともできるぞ!\n\n【コマ効果情報】\n攻撃DOWNコマ、ダメージコマ、突風コマが登場するぞ!\n特性でダメージコマ無効化を持っているキャラを編成しよう!\n\n【ギミック情報】\nスタン攻撃をしてくる敵や\n味方の攻撃DOWNをしてくる敵や\n敵自身に被ダメージカットを付与する敵が登場するぞ!\n\n時間経過で、突如上空から出現する敵もいるぞ!\n盤面をしっかり確認しよう!\n\nまた、このステージでは特別ルールがあるぞ!
e,202509010,normal_aka_00001_ja,normal_aka_00001,ja,"",【属性情報】\n無属性の敵が登場するぞ!
e,202509010,normal_aka_00002_ja,normal_aka_00002,ja,"",【属性情報】\n赤属性の敵が登場するので青属性のキャラは有利に戦うこともできるぞ!\nさらに、無属性の敵も登場するぞ!\n\n【コマ効果情報】\n攻撃DOWNコマが登場するぞ!\n特性で攻撃DOWNコマ無効化を持っているキャラを編成しよう!
e,202509010,normal_aka_00003_ja,normal_aka_00003,ja,"",【属性情報】\n赤属性の敵が登場するので青属性のキャラは有利に戦うこともできるぞ!\n\n【コマ効果情報】\n攻撃DOWNコマが登場するぞ!\n特性で攻撃DOWNコマ無効化を持っているキャラを編成しよう!
e,202509010,hard_aka_00001_ja,hard_aka_00001,ja,"",【属性情報】\n無属性の敵が登場するぞ!\n\n【コマ効果情報】\n攻撃UPコマが登場するぞ!\n特性で効果UPを持っているキャラを編成しよう!\n\n【ギミック情報】\n火傷攻撃をしてくる敵が登場するぞ!\n特性で火傷ダメージ軽減を持っているキャラを編成しよう!
e,202509010,hard_aka_00002_ja,hard_aka_00002,ja,"",【属性情報】\n赤属性の敵が登場するので青属性のキャラは有利に戦うこともできるぞ!\nさらに、無属性の敵も登場するぞ!\n\n【コマ効果情報】\n攻撃DOWNコマが登場するぞ!\n特性で攻撃DOWNコマ無効化を持っているキャラを編成しよう!\n\n【ギミック情報】\nノックバック無効化の特性を持つ敵が登場するぞ!
e,202509010,hard_aka_00003_ja,hard_aka_00003,ja,"",【属性情報】\n赤属性の敵が登場するので青属性のキャラは有利に戦うこともできるぞ!\n\n【ギミック情報】\n火傷攻撃をしてくる敵や\nノックバック無効化の特性を持つ敵が登場するぞ!\n特性で火傷ダメージ軽減を持っているキャラを編成しよう!
e,202509010,veryhard_aka_00001_ja,veryhard_aka_00001,ja,"",【属性情報】\n赤属性の敵が登場するので青属性のキャラは有利に戦うこともできるぞ!\n\n【コマ効果情報】\n攻撃UPコマ、攻撃DOWNコマが登場するぞ!\n\n【ギミック情報】\nノックバック攻撃、火傷攻撃をしてくる敵が登場するぞ!\n\n味方がコマに侵入すると、出現する敵もいるぞ!\n\nまた、このステージでは特別ルールがあるぞ!
e,202509010,veryhard_aka_00002_ja,veryhard_aka_00002,ja,"",【属性情報】\n赤属性の敵が登場するので青属性のキャラは有利に戦うこともできるぞ!\nさらに、無属性の敵も登場するぞ!\n\n【コマ効果情報】\n攻撃DOWNコマ、ダメージコマ、突風コマが登場するぞ!\n特性で攻撃DOWNコマ無効化やダメージコマ無効化を持っているキャラを編成しよう!\n\n【ギミック情報】\nノックバック攻撃をしてくる敵や\n敵自身に被ダメージカットを付与する敵や\nノックバック無効化の特性を持つ敵が登場するぞ!\n火傷や毒など状態異常を付与できるキャラを編成して挑もう! \n\nまた、このステージでは特別ルールがあるぞ!
e,202509010,veryhard_aka_00003_ja,veryhard_aka_00003,ja,"",【属性情報】\n赤属性の敵が登場するので青属性のキャラは有利に戦うこともできるぞ!\nさらに、無属性の敵も登場するぞ!\n\n【コマ効果情報】\nダメージコマ、突風コマが登場するぞ!\n特性でダメージコマ無効化や突風コマ無効化を持っているキャラを編成しよう!\n\n【ギミック情報】\nノックバック攻撃、火傷攻撃をしてくる敵が登場するぞ!\n特性で火傷ダメージ軽減を持っているキャラを編成しよう!\n\nまた、このステージでは特別ルールがあるぞ!
e,202509010,normal_glo1_00001_ja,normal_glo1_00001,ja,"",【属性情報】\n赤属性の敵が登場するので青属性のキャラは有利に戦うこともできるぞ!\nさらに、無属性の敵も登場するぞ!\n\n【ギミック情報】\n味方の攻撃DOWNをしてくる敵が登場するぞ!
e,202509010,normal_glo1_00002_ja,normal_glo1_00002,ja,"",【属性情報】\n黄属性の敵が登場するので緑属性のキャラは有利に戦うこともできるぞ!\nさらに、無属性の敵も登場するぞ!\n\n【コマ効果情報】\n攻撃DOWNコマが登場するぞ!\n特性で攻撃DOWNコマ無効化を持っているキャラを編成しよう!\n\n【ギミック情報】\n敵自身に被ダメージカットを付与する敵が登場するぞ!
e,202509010,normal_glo1_00003_ja,normal_glo1_00003,ja,"",【属性情報】\n青属性の敵が登場するので黄属性のキャラは有利に戦うこともできるぞ!\nさらに、無属性の敵も登場するぞ!\n\n【コマ効果情報】\nダメージコマが登場するぞ!\n特性でダメージコマ無効化を持っているキャラを編成しよう!
e,202509010,hard_glo1_00001_ja,hard_glo1_00001,ja,"",【属性情報】\n赤属性の敵が登場するので青属性のキャラは有利に戦うこともできるぞ!\nさらに、無属性の敵も登場するぞ!\n\n【コマ効果情報】\n攻撃UPコマが登場するぞ!\n特性で攻撃UPコマ効果UPを持っているキャラを編成しよう!\n\n【ギミック情報】\n味方の攻撃DOWNをしてくる敵が登場するぞ!
e,202509010,hard_glo1_00002_ja,hard_glo1_00002,ja,"",【属性情報】\n黄属性の敵が登場するので緑属性のキャラは有利に戦うこともできるぞ!\nさらに、無属性の敵も登場するぞ!\n\n【コマ効果情報】\n攻撃DOWNコマが登場するぞ!\n特性で攻撃DOWNコマ無効化を持っているキャラを編成しよう!\n\n【ギミック情報】\n敵自身に被ダメージカットを付与する敵が登場するぞ!\n\nノックバック攻撃のキャラが活躍するぞ!
e,202509010,hard_glo1_00003_ja,hard_glo1_00003,ja,"",【属性情報】\n青属性の敵が登場するので黄属性のキャラは有利に戦うこともできるぞ!\nさらに、無属性の敵も登場するぞ!\n\n【コマ効果情報】\nダメージコマが登場するぞ!\n特性でダメージコマ無効化を持っているキャラを編成しよう!
e,202509010,veryhard_glo1_00001_ja,veryhard_glo1_00001,ja,"",【属性情報】\n赤属性の敵が登場するので青属性のキャラは有利に戦うこともできるぞ!\n緑属性の敵が登場するので赤属性のキャラは有利に戦うこともできるぞ!\n\n【コマ効果情報】\n攻撃DOWNコマ、ダメージコマ、暗闇コマが登場するぞ!\n特性で攻撃DOWNコマ無効化やダメージコマ無効化を持っているキャラを編成しよう!\n\n【ギミック情報】\n火傷攻撃をしてくる敵や\n味方の攻撃DOWNをしてくる敵が登場するぞ!\n\n味方がコマに侵入すると、突如上空から出現する敵もいるぞ!\n盤面をしっかり確認しよう!\n\nまた、このステージでは特別ルールがあるぞ!
e,202509010,veryhard_glo1_00002_ja,veryhard_glo1_00002,ja,"",【属性情報】\n黄属性の敵が登場するので緑属性のキャラは有利に戦うこともできるぞ!\n\n【コマ効果情報】\n攻撃UPコマ、毒コマが登場するぞ!\n特性で毒ダメージ軽減を持っているキャラを編成しよう!\n\n【ギミック情報】\nスタン攻撃をしてくる敵や\n敵自身に被ダメージカットを付与する敵が登場するぞ!\n\nまた、このステージでは特別ルールがあるぞ!
e,202509010,veryhard_glo1_00003_ja,veryhard_glo1_00003,ja,"",【属性情報】\n青属性の敵が登場するので黄属性のキャラは有利に戦うこともできるぞ!\n\n【ギミック情報】\nノックバック攻撃、氷結攻撃をしてくる敵や\n味方の攻撃DOWNをしてくる敵が登場するぞ!\n\nまた、このステージでは特別ルールがあるぞ!
e,202509010,normal_dan_00001_ja,normal_dan_00001,ja,"",【属性情報】\n無属性の敵が登場するぞ!\n\n【コマ効果情報】\n暗闇コマが登場するぞ!\n暗闇コマの中には注意しよう!
e,202509010,normal_dan_00002_ja,normal_dan_00002,ja,"",【属性情報】\n赤属性の敵が登場するので青属性のキャラは有利に戦うこともできるぞ!\n\n【コマ効果情報】\n暗闇コマが登場するぞ!\n暗闇コマの中には注意しよう!
e,202509010,normal_dan_00003_ja,normal_dan_00003,ja,"",【属性情報】\n無属性の敵が登場するぞ!\n\n【ギミック情報】\nダメージを受けると変身する敵が登場するぞ!
e,202509010,normal_dan_00004_ja,normal_dan_00004,ja,"",【属性情報】\n赤属性の敵が登場するので青属性のキャラは有利に戦うこともできるぞ!\nさらに、無属性の敵も登場するぞ!
e,202509010,normal_dan_00005_ja,normal_dan_00005,ja,"",【属性情報】\n無属性の敵が登場するぞ!\n\n【ギミック情報】\nターボババアは60秒経過すると動き出すぞ!\n攻撃の高いキャラで素早くターボババアを倒そう!
e,202509010,normal_dan_00006_ja,normal_dan_00006,ja,"",【属性情報】\n赤属性の敵が登場するので青属性のキャラは有利に戦うこともできるぞ!\n\n【ギミック情報】\nダメージを受けると変身する敵が登場するぞ!\n\nセルポ星人が変身すると追加で敵が出現するようになるぞ!\n攻撃するタイミングに注意しよう!
e,202509010,hard_dan_00001_ja,hard_dan_00001,ja,"",【属性情報】\n無属性の敵が登場するぞ!\n\n【コマ効果情報】\n暗闇コマが登場するぞ!\n\n味方がコマに侵入すると出現する敵や\nファントムゲートにダメージを与えると出現する敵もいるぞ!
e,202509010,hard_dan_00002_ja,hard_dan_00002,ja,"",【属性情報】\n赤属性の敵が登場するので青属性のキャラは有利に戦うこともできるぞ!\n\n【コマ効果情報】\n攻撃UPコマ、ダメージコマ、暗闇コマが登場するぞ!\n特性で攻撃UPコマ効果UPやダメージコマ無効化を持っているキャラを編成しよう!\n\n\n【ギミック情報】\nノックバック攻撃をしてくる敵が登場するぞ!
e,202509010,hard_dan_00003_ja,hard_dan_00003,ja,"",【属性情報】\n無属性の敵が登場するぞ!\n\n【ギミック情報】\nダメージを受けると変身する敵が登場するぞ!\n\nセルポ星人が変身すると大量の敵が出現するぞ!\nいきなり大ダメージを与えないように注意しよう!
e,202509010,hard_dan_00004_ja,hard_dan_00004,ja,"",【属性情報】\n赤属性の敵が登場するので青属性のキャラは有利に戦うこともできるぞ!\nさらに、無属性の敵も登場するぞ!\n\n【ギミック情報】\n敵自身に被ダメージカットを付与する敵や\nダメージを受けると変身する敵が登場するぞ!\n\nセルポ星人が変身すると大量の敵が出現するぞ!\nいきなり大ダメージを与えないように注意しよう!
e,202509010,hard_dan_00005_ja,hard_dan_00005,ja,"",【属性情報】\n赤属性の敵が登場するので青属性のキャラは有利に戦うこともできるぞ!\nさらに、無属性の敵も登場するぞ!\n\n【コマ効果情報】\n攻撃UPコマが登場するぞ!\n特性で攻撃UPコマ効果UPを持っているキャラを編成しよう!\n\n【ギミック情報】\nターボババアは60秒経過すると動き出すぞ!\n攻撃の高いキャラで素早くターボババアを倒そう!
e,202509010,hard_dan_00006_ja,hard_dan_00006,ja,"",【属性情報】\n赤属性の敵が登場するので青属性のキャラは有利に戦うこともできるぞ!\nさらに、無属性の敵も登場するぞ!\n\n【コマ効果情報】\n攻撃UPコマ、暗闇コマが登場するぞ!\n特性で攻撃UPコマ効果UPを持っているキャラを編成しよう!\n\n【ギミック情報】\nノックバック攻撃をしてくる敵や\nダメージを受けると変身する敵が登場するぞ!\n\n必要リーダーPの低いキャラが活躍するぞ!
e,202509010,veryhard_dan_00001_ja,veryhard_dan_00001,ja,"",【属性情報】\n赤属性の敵が登場するので青属性のキャラは有利に戦うこともできるぞ!\nさらに、無属性の敵も登場するぞ!\n\n【コマ効果情報】\n攻撃DOWNコマ、ダメージコマ、突風コマが登場するぞ!\n特性でダメージコマ無効化を持っているキャラを編成しよう!\n\nまた、このステージでは特別ルールがあるぞ!
e,202509010,veryhard_dan_00002_ja,veryhard_dan_00002,ja,"",【属性情報】\n青属性の敵が登場するので黄属性のキャラは有利に戦うこともできるぞ!\n\n【コマ効果情報】\n攻撃UPコマ、突風コマが登場するぞ!\n\n【ギミック情報】\nノックバック攻撃をしてくる敵や\nダメージを受けると変身する敵が登場するぞ!\n\n強敵のセルポ星人が変身すると大量の敵が出現してしまうぞ!\nセルポ星人が変身しないようにしながら勝利を目指そう!\n\nまた、このステージでは特別ルールがあるぞ!
e,202509010,veryhard_dan_00003_ja,veryhard_dan_00003,ja,"",【属性情報】\n赤属性の敵が登場するので青属性のキャラは有利に戦うこともできるぞ!\n緑属性の敵が登場するので赤属性のキャラは有利に戦うこともできるぞ!\n\n【コマ効果情報】\n攻撃DOWNコマ、ダメージコマ、暗闇コマが登場するぞ!\n\n【ギミック情報】\nノックバック攻撃をしてくる敵や\n敵自身に被ダメージカットを付与する敵や\nダメージを受けると変身する敵が登場するぞ!\n\n味方がコマに侵入すると、出現する敵もいるぞ!\n\nまた、このステージでは特別ルールがあるぞ!
e,202509010,veryhard_dan_00004_ja,veryhard_dan_00004,ja,"",【属性情報】\n赤属性の敵が登場するので青属性のキャラは有利に戦うこともできるぞ!\nさらに、無属性の敵も登場するぞ!\n\n【コマ効果情報】\n攻撃UPコマ、攻撃DOWNコマが登場するぞ!\n特性で攻撃UPコマ効果UPを持っているキャラを編成しよう!\n\n【ギミック情報】\nダメージを受けると変身する敵が登場するぞ!\nターボババアは60秒経過すると動き出すぞ!\n攻撃の高いキャラで素早くターボババアを倒そう!\n\nまた、このステージでは特別ルールがあるぞ!
e,202509010,veryhard_dan_00005_ja,veryhard_dan_00005,ja,"",【属性情報】\n赤属性の敵が登場するので青属性のキャラは有利に戦うこともできるぞ!\n青属性の敵が登場するので黄属性のキャラは有利に戦うこともできるぞ!\n緑属性の敵が登場するので赤属性のキャラは有利に戦うこともできるぞ!\n\n【コマ効果情報】\n攻撃UPコマ、ダメージコマ、毒コマが登場するぞ!\n特性で攻撃UPコマ効果UPやダメージコマ無効化、毒ダメージ軽減を持っているキャラを編成しよう!\n\n【ギミック情報】\n敵自身に被ダメージカットを付与する敵や\nダメージを受けると変身する敵が登場するぞ!\n\nファントムゲートにダメージを与えると一定時間で大量の敵が出現してしまうぞ!\n敵が出現する前にファントムゲートのHPを削り切ろう!\n\nまた、このステージでは特別ルールがあるぞ!
e,202509010,veryhard_dan_00006_ja,veryhard_dan_00006,ja,"",【属性情報】\n赤属性の敵が登場するので青属性のキャラは有利に戦うこともできるぞ!\n\n【コマ効果情報】\n攻撃UPコマ、攻撃DOWNコマ、突風コマ、暗闇コマが登場するぞ!\n特性で攻撃UPコマ効果UPや突風コマ無効化を持っているキャラを編成しよう!\n\n【ギミック情報】\nノックバック攻撃をしてくる敵や\n敵自身に被ダメージカットを付与する敵や\nダメージを受けると変身する敵が登場するぞ!\n\nファントムゲートにダメージを与えると3段目に出現する敵がいるぞ!\n敵が出現した後は素早くファントムゲートのHPを削り切ろう!\n\nまた、このステージでは特別ルールがあるぞ!
e,202509010,normal_jig_00001_ja,normal_jig_00001,ja,"",【属性情報】\n緑属性の敵が登場するので赤属性のキャラは有利に戦うこともできるぞ!\n\n【ギミック情報】\n敵は範囲攻撃をしてくるぞ!\nディフェンスキャラを前線に出し、遠距離攻撃キャラで攻撃しよう!
e,202509010,normal_jig_00002_ja,normal_jig_00002,ja,"",【属性情報】\n緑属性の敵が登場するので赤属性のキャラは有利に戦うこともできるぞ!\nさらに、無属性の敵も登場するぞ!\n\n【ギミック情報】\nスタン攻撃をしてくる敵が登場するぞ!\n特性でスタン無効化を持っているキャラを編成しよう!
e,202509010,normal_jig_00003_ja,normal_jig_00003,ja,"",【属性情報】\n緑属性の敵が登場するので赤属性のキャラは有利に戦うこともできるぞ!\nさらに、無属性の敵も登場するぞ!\n\n【コマ効果情報】\n毒コマが登場するぞ!\n特性で毒ダメージ軽減を持っているキャラを編成しよう!\n\n【ギミック情報】\n毒攻撃をしてくる敵が登場するぞ!\n特性で毒ダメージ軽減を持っているキャラを編成しよう!
e,202509010,normal_jig_00004_ja,normal_jig_00004,ja,"",【属性情報】\n緑属性の敵が登場するので赤属性のキャラは有利に戦うこともできるぞ!
e,202509010,normal_jig_00005_ja,normal_jig_00005,ja,"",【属性情報】\n緑属性の敵が登場するので赤属性のキャラは有利に戦うこともできるぞ!\nさらに、無属性の敵も登場するぞ!\n\n【ギミック情報】\nスタン攻撃をしてくる敵が登場するぞ!\nさらに、毒攻撃をしてくる敵も登場するぞ!\n特性でスタン無効化を持っているキャラや\n毒ダメージ軽減を持っているキャラを編成しよう!
e,202509010,normal_jig_00006_ja,normal_jig_00006,ja,"",【属性情報】\n赤属性の敵が登場するので青属性のキャラは有利に戦うこともできるぞ!\n緑属性の敵が登場するので赤属性のキャラは有利に戦うこともできるぞ!\nさらに、無属性の敵も登場するぞ!\n\n【ギミック情報】\n火傷攻撃をしてくる敵が登場するぞ!\n特性で火傷ダメージ軽減を持っているキャラを編成しよう!
e,202509010,hard_jig_00001_ja,hard_jig_00001,ja,"",【属性情報】\n緑属性の敵が登場するので赤属性のキャラは有利に戦うこともできるぞ!\nさらに、無属性の敵も登場するぞ!\n\n【ギミック情報】\n敵は範囲攻撃をしてくるぞ!\nディフェンスキャラを前線に出し、遠距離攻撃キャラで攻撃しよう!
e,202509010,hard_jig_00002_ja,hard_jig_00002,ja,"",【属性情報】\n緑属性の敵が登場するので赤属性のキャラは有利に戦うこともできるぞ!\nさらに、無属性の敵も登場するぞ!\n\n【ギミック情報】\nスタン攻撃をしてくる敵が登場するぞ!\n特性でスタン無効化を持っているキャラを編成しよう!
e,202509010,hard_jig_00003_ja,hard_jig_00003,ja,"",【属性情報】\n緑属性の敵が登場するので赤属性のキャラは有利に戦うこともできるぞ!\nさらに、無属性の敵も登場するぞ!\n\n【コマ効果情報】\n毒コマが登場するぞ!\n特性で毒ダメージ軽減を持っているキャラを編成しよう!\n\n【ギミック情報】\n毒攻撃をしてくる敵が登場するぞ!\n特性で毒ダメージ軽減を持っているキャラを編成しよう!
e,202509010,hard_jig_00004_ja,hard_jig_00004,ja,"",【属性情報】\n緑属性の敵が登場するので赤属性のキャラは有利に戦うこともできるぞ!\nさらに、無属性の敵も登場するぞ!
e,202509010,hard_jig_00005_ja,hard_jig_00005,ja,"",【属性情報】\n緑属性の敵が登場するので赤属性のキャラは有利に戦うこともできるぞ!\n\n【ギミック情報】\nファントムゲートHPを削ると敵が追加で登場するぞ!\nファントムゲートのHPを削るタイミングに気をつけよう!
e,202509010,hard_jig_00006_ja,hard_jig_00006,ja,"",【属性情報】\n赤属性の敵が登場するので青属性のキャラは有利に戦うこともできるぞ!\n緑属性の敵が登場するので赤属性のキャラは有利に戦うこともできるぞ!\nさらに、無属性の敵も登場するぞ!\n\n【ギミック情報】\n火傷攻撃をしてくる敵が登場するぞ!\n特性で火傷ダメージ軽減を持っているキャラを編成しよう!
e,202509010,veryhard_jig_00001_ja,veryhard_jig_00001,ja,"",【属性情報】\n緑属性の敵が登場するので赤属性のキャラは有利に戦うこともできるぞ!\nさらに、無属性の敵も登場するぞ!\n\n【ギミック情報】\n敵は範囲攻撃をしてくるぞ!\nディフェンスキャラを前線に出し、遠距離攻撃キャラで攻撃しよう!\n\nまた、このステージでは特別ルールがあるぞ!
e,202509010,veryhard_jig_00002_ja,veryhard_jig_00002,ja,"",【属性情報】\n緑属性の敵が登場するので赤属性のキャラは有利に戦うこともできるぞ!\nさらに、無属性の敵も登場するぞ!\n\n【ギミック情報】\nスタン攻撃をしてくる敵が登場するぞ!\n特性でスタン攻撃無効化を持っているキャラを編成しよう!\n\nまた、このステージでは特別ルールがあるぞ!
e,202509010,veryhard_jig_00003_ja,veryhard_jig_00003,ja,"",【属性情報】\n緑属性の敵が登場するので赤属性のキャラは有利に戦うこともできるぞ!\nさらに、無属性の敵も登場するぞ!\n\n【コマ効果情報】\n毒コマが登場するぞ!\n特性で毒ダメージ軽減を持っているキャラを編成しよう!\n\n【ギミック情報】\n毒攻撃をしてくる敵が登場するぞ!\n特性で毒ダメージ軽減を持っているキャラを編成しよう!\n\nまた、このステージでは特別ルールがあるぞ!
e,202509010,veryhard_jig_00004_ja,veryhard_jig_00004,ja,"",【属性情報】\n緑属性の敵が登場するので赤属性のキャラは有利に戦うこともできるぞ!\nさらに、無属性の敵も登場するぞ!\n\nまた、このステージでは特別ルールがあるぞ!
e,202509010,veryhard_jig_00005_ja,veryhard_jig_00005,ja,"",【属性情報】\n緑属性の敵が登場するので赤属性のキャラは有利に戦うこともできるぞ!\n\n【ギミック情報】\nファントムゲートHPを削ると敵が追加で登場するぞ!\nファントムゲートのHPを削るタイミングに気をつけよう!\n\nまた、このステージでは特別ルールがあるぞ!
e,202509010,veryhard_jig_00006_ja,veryhard_jig_00006,ja,"",【属性情報】\n赤属性の敵が登場するので青属性のキャラは有利に戦うこともできるぞ!\n緑属性の敵が登場するので赤属性のキャラは有利に戦うこともできるぞ!\n\n\n【コマ効果情報】\n攻撃UPコマが登場するぞ!\n\n【ギミック情報】\nノックバック攻撃をしてくる敵が登場するぞ!\nさらに、火傷攻撃をしてくる敵が登場するぞ!\n特性でノックバック無効化や火傷ダメージ軽減を持っているキャラを編成しよう!\n\nまた、このステージでは特別ルールがあるぞ!
e,202509010,normal_tak_00001_ja,normal_tak_00001,ja,"",【属性情報】\n黄属性の敵が登場するので緑属性のキャラは有利に戦うこともできるぞ!\nさらに、無属性の敵も登場するぞ!\n\n【コマ効果情報】\n暗闇コマが登場するぞ!\n暗闇コマの中には注意しよう!\n\n【ギミック情報】\n敵自身に被ダメージカットを付与する敵が登場するぞ!
e,202509010,normal_tak_00002_ja,normal_tak_00002,ja,"",【属性情報】\n青属性の敵が登場するので黄属性のキャラは有利に戦うこともできるぞ!\nさらに、無属性の敵も登場するぞ!\n\n【ギミック情報】\n敵自身に被ダメージカットを付与する敵が登場するぞ!
e,202509010,normal_tak_00003_ja,normal_tak_00003,ja,"",【属性情報】\n緑属性の敵が登場するので赤属性のキャラは有利に戦うこともできるぞ!\nさらに、無属性の敵も登場するぞ!\n\n【コマ効果情報】\nダメージコマが登場するぞ!\n特性でダメージコマ無効化を持っているキャラを編成しよう!\n\n【ギミック情報】\n敵自身に被ダメージカットを付与する敵が登場するぞ!
e,202509010,hard_tak_00001_ja,hard_tak_00001,ja,"",【属性情報】\n黄属性の敵が登場するので緑属性のキャラは有利に戦うこともできるぞ!\n\n【コマ効果情報】\n暗闇コマが登場するぞ!\n暗闇コマの中には注意しよう!\n\n【ギミック情報】\n敵自身に被ダメージカットを付与する敵が登場するぞ!
e,202509010,hard_tak_00002_ja,hard_tak_00002,ja,"",【属性情報】\n青属性の敵が登場するので黄属性のキャラは有利に戦うこともできるぞ!\n\n【ギミック情報】\n敵自身に被ダメージカットを付与する敵が登場するぞ!
e,202509010,hard_tak_00003_ja,hard_tak_00003,ja,"",【属性情報】\n緑属性の敵が登場するので赤属性のキャラは有利に戦うこともできるぞ!\n\n【コマ効果情報】\nダメージコマが登場するぞ!\n特性でダメージコマ無効化を持っているキャラを編成しよう!\n\n【ギミック情報】\n敵自身に被ダメージカットを付与する敵が登場するぞ!
e,202509010,veryhard_tak_00001_ja,veryhard_tak_00001,ja,"",【属性情報】\n黄属性の敵が登場するので緑属性のキャラは有利に戦うこともできるぞ!\n\n【コマ効果情報】\n暗闇コマが登場するぞ!\n暗闇コマの中には注意しよう!\n\n【ギミック情報】\n敵自身に被ダメージカットを付与する敵が登場するぞ!\n\nまた、このステージでは特別ルールがあるぞ!
e,202509010,veryhard_tak_00002_ja,veryhard_tak_00002,ja,"",【属性情報】\n青属性の敵が登場するので黄属性のキャラは有利に戦うこともできるぞ!\n\n【ギミック情報】\n敵自身に被ダメージカットを付与する敵が登場するぞ!\n\nまた、このステージでは特別ルールがあるぞ!
e,202509010,veryhard_tak_00003_ja,veryhard_tak_00003,ja,"",【属性情報】\n緑属性の敵が登場するので赤属性のキャラは有利に戦うこともできるぞ!\n\n【コマ効果情報】\nダメージコマが登場するぞ!\n特性でダメージコマ無効化を持っているキャラを編成しよう!\n\n【ギミック情報】\n敵自身に被ダメージカットを付与する敵が登場するぞ!\n\nまた、このステージでは特別ルールがあるぞ!
e,202509010,normal_glo2_00001_ja,normal_glo2_00001,ja,"",【属性情報】\n青属性の敵が登場するので黄属性のキャラは有利に戦うこともできるぞ!\nさらに、無属性の敵も登場するぞ!\n\n【コマ効果情報】\n毒コマが登場するぞ!\n特性で毒ダメージ軽減を持っているキャラを編成しよう!
e,202509010,normal_glo2_00002_ja,normal_glo2_00002,ja,"",【属性情報】\n赤属性の敵が登場するので青属性のキャラは有利に戦うこともできるぞ!\nさらに、無属性の敵も登場するぞ!\n\n【コマ効果情報】\n突風コマが登場するぞ!\n特性で突風コマ無効化を持っているキャラを編成しよう!\n\n【ギミック情報】\n火傷攻撃をしてくる敵が登場するぞ!\n特性で火傷ダメージ軽減を持っているキャラを編成しよう!
e,202509010,normal_glo2_00003_ja,normal_glo2_00003,ja,"",【属性情報】\n緑属性の敵が登場するので赤属性のキャラは有利に戦うこともできるぞ!\n\n【コマ効果情報】\n攻撃UPコマが登場するぞ!\n攻撃UPコマで戦うことを意識しよう!\n\n【ギミック情報】\nこのステージで登場するボスファントムはノックバック無効化の特性を持っているぞ!\nまた、ボスファントムが登場している時は、ファントムゲートHPは削れないぞ!\nディフェンスキャラで前線を維持して、遠距離攻撃が得意なキャラで対抗しよう!
e,202509010,hard_glo2_00001_ja,hard_glo2_00001,ja,"",【属性情報】\n青属性の敵が登場するので黄属性のキャラは有利に戦うこともできるぞ!\nさらに、無属性の敵も登場するぞ!\n\n【コマ効果情報】\n毒コマが登場するぞ!\n特性で毒ダメージ軽減を持っているキャラを編成しよう!
e,202509010,hard_glo2_00002_ja,hard_glo2_00002,ja,"",【属性情報】\n赤属性の敵が登場するので青属性のキャラは有利に戦うこともできるぞ!\n\n【コマ効果情報】\n突風コマが登場するぞ!\n特性で突風コマ無効化を持っているキャラを編成しよう!\n\n【ギミック情報】\n火傷攻撃をしてくる敵が登場するぞ!\n特性で火傷ダメージ軽減を持っているキャラを編成しよう!
e,202509010,hard_glo2_00003_ja,hard_glo2_00003,ja,"",【属性情報】\n緑属性の敵が登場するので赤属性のキャラは有利に戦うこともできるぞ!\n\n【コマ効果情報】\n攻撃UPコマが登場するぞ!\n攻撃UPコマで戦うことを意識しよう!\n\n【ギミック情報】\nこのステージで登場するボスファントムはノックバック無効化の特性を持っているぞ!\nまた、ボスファントムが登場している時は、ファントムゲートHPは削れないぞ!\nディフェンスキャラで前線を維持して、遠距離攻撃が得意なキャラで対抗しよう!
e,202509010,veryhard_glo2_00001_ja,veryhard_glo2_00001,ja,"",【属性情報】\n青属性の敵が登場するので黄属性のキャラは有利に戦うこともできるぞ!\nさらに、無属性の敵も登場するぞ!\n\n【コマ効果情報】\n毒コマが登場するぞ!\n特性で毒ダメージ軽減を持っているキャラを編成しよう!\n\nまた、このステージでは特別ルールがあるぞ!
e,202509010,veryhard_glo2_00002_ja,veryhard_glo2_00002,ja,"",【属性情報】\n赤属性の敵が登場するので青属性のキャラは有利に戦うこともできるぞ!\n\n【コマ効果情報】\n突風コマが登場するぞ!\n特性で突風コマ無効化を持っているキャラを編成しよう!\n\n【ギミック情報】\n火傷攻撃をしてくる敵が登場するぞ!\n特性で火傷ダメージ軽減を持っているキャラを編成しよう!\n\nまた、このステージでは特別ルールがあるぞ!
e,202509010,veryhard_glo2_00003_ja,veryhard_glo2_00003,ja,"",【属性情報】\n緑属性の敵が登場するので赤属性のキャラは有利に戦うこともできるぞ!\n\n【ギミック情報】\nこのステージで登場するボスファントムはノックバック無効化の特性を持っているぞ!\nまた、ボスファントムが登場している時は、ファントムゲートHPは削れないぞ!\nディフェンスキャラで前線を維持して、遠距離攻撃が得意なキャラで対抗しよう!\n\nまた、このステージでは特別ルールがあるぞ!
e,202509010,normal_chi_00001_ja,normal_chi_00001,ja,"",【属性情報】\n黄属性の敵が登場するので緑属性のキャラは有利に戦うこともできるぞ!\nさらに、無属性の敵も登場するぞ!
e,202509010,normal_chi_00002_ja,normal_chi_00002,ja,"",【属性情報】\n黄属性の敵が登場するので緑属性のキャラは有利に戦うこともできるぞ!\nさらに、無属性の敵も登場するぞ!
e,202509010,normal_chi_00003_ja,normal_chi_00003,ja,"",【属性情報】\n黄属性の敵が登場するので緑属性のキャラは有利に戦うこともできるぞ!\nさらに、無属性の敵も登場するぞ!\n\n【ギミック情報】\n敵自身の攻撃UPをしてくる敵や\n敵自身に被ダメージカットを付与する敵が登場するぞ!
e,202509010,normal_chi_00004_ja,normal_chi_00004,ja,"",【属性情報】\n黄属性の敵が登場するので緑属性のキャラは有利に戦うこともできるぞ!\n\n【ギミック情報】\n敵自身の攻撃UPをしてくる敵が登場するぞ!\n\nニャーコが倒れると敗北になるぞ!\nニャーコがダメージを受けないように守りながら戦おう!\n必要リーダーPの低いキャラが活躍するぞ!
e,202509010,normal_chi_00005_ja,normal_chi_00005,ja,"",【属性情報】\n黄属性の敵が登場するので緑属性のキャラは有利に戦うこともできるぞ!\nさらに、無属性の敵も登場するぞ!\n\n【ギミック情報】\n敵自身の攻撃UPをしてくる敵や\n自身の体力を回復する攻撃をしてくる敵が登場するぞ!\n必要リーダーPの低いキャラが活躍するぞ!
e,202509010,normal_chi_00006_ja,normal_chi_00006,ja,"",【属性情報】\n黄属性の敵が登場するので緑属性のキャラは有利に戦うこともできるぞ!\nさらに、無属性の敵も登場するぞ!\n\n【ギミック情報】\n自身の体力を回復する攻撃をしてくる敵や\n敵自身の攻撃UPをしてくる敵や\nスタン攻撃をしてくる敵が登場するぞ!
e,202509010,hard_chi_00001_ja,hard_chi_00001,ja,"",【属性情報】\n黄属性の敵が登場するので緑属性のキャラは有利に戦うこともできるぞ!\nさらに、無属性の敵も登場するぞ!
e,202509010,hard_chi_00002_ja,hard_chi_00002,ja,"",【属性情報】\n黄属性の敵が登場するので緑属性のキャラは有利に戦うこともできるぞ!\nさらに、無属性の敵も登場するぞ!
e,202509010,hard_chi_00003_ja,hard_chi_00003,ja,"",【属性情報】\n黄属性の敵が登場するので緑属性のキャラは有利に戦うこともできるぞ!\nさらに、無属性の敵も登場するぞ!\n\n【ギミック情報】\n敵自身の攻撃UPをしてくる敵や\n敵自身に被ダメージカットを付与する敵が登場するぞ!
e,202509010,hard_chi_00004_ja,hard_chi_00004,ja,"",【属性情報】\n黄属性の敵が登場するので緑属性のキャラは有利に戦うこともできるぞ!\n\n【ギミック情報】\n敵自身の攻撃UPをしてくる敵が登場するぞ!\n\nニャーコが倒れると敗北になるぞ!\nニャーコがダメージを受けないように守りながら戦おう!\n必要リーダーPの低いキャラが活躍するぞ!
e,202509010,hard_chi_00005_ja,hard_chi_00005,ja,"",【属性情報】\n黄属性の敵が登場するので緑属性のキャラは有利に戦うこともできるぞ!\nさらに、無属性の敵も登場するぞ!\n\n【ギミック情報】\n敵自身の攻撃UPをしてくる敵や\n自身の体力を回復する攻撃をしてくる敵が登場するぞ!\n必要リーダーPの低いキャラが活躍するぞ!
e,202509010,hard_chi_00006_ja,hard_chi_00006,ja,"",【属性情報】\n黄属性の敵が登場するので緑属性のキャラは有利に戦うこともできるぞ!\nさらに、無属性の敵も登場するぞ!\n\n【ギミック情報】\n自身の体力を回復する攻撃をしてくる敵や\n敵自身の攻撃UPとスタン攻撃をしてくる敵が登場するぞ!
e,202509010,veryhard_chi_00001_ja,veryhard_chi_00001,ja,"",【属性情報】\n青属性の敵が登場するので黄属性のキャラは有利に戦うこともできるぞ!\n黄属性の敵が登場するので緑属性のキャラは有利に戦うこともできるぞ!\n緑属性の敵が登場するので赤属性のキャラは有利に戦うこともできるぞ!\nさらに、無属性の敵も登場するぞ!\n\n【ギミック情報】\n毒攻撃をしてくる敵や\n根性の特性を持つ敵が登場するぞ!\n\n再召喚時間の短いキャラや\n低コストのキャラが活躍するぞ!\n\nまた、このステージでは特別ルールがあるぞ!
e,202509010,veryhard_chi_00002_ja,veryhard_chi_00002,ja,"",【属性情報】\n赤属性の敵が登場するので青属性のキャラは有利に戦うこともできるぞ!\n黄属性の敵が登場するので緑属性のキャラは有利に戦うこともできるぞ!\n緑属性の敵が登場するので赤属性のキャラは有利に戦うこともできるぞ!\nさらに、無属性の敵も登場するぞ!\n\n【ギミック情報】\nノックバック攻撃をしてくる敵や\n自身の体力を回復する攻撃をしてくる敵が登場するぞ!\n\n必殺ワザで強力な単体攻撃ができるキャラを編成しよう!\n\nまた、このステージでは特別ルールがあるぞ!
e,202509010,veryhard_chi_00003_ja,veryhard_chi_00003,ja,"",【属性情報】\n赤属性の敵が登場するので青属性のキャラは有利に戦うこともできるぞ!\n青属性の敵が登場するので黄属性のキャラは有利に戦うこともできるぞ!\n緑属性の敵が登場するので赤属性のキャラは有利に戦うこともできるぞ!\nさらに、無属性の敵も登場するぞ!\n\n【ギミック情報】\n毒攻撃もしてくる敵や\nノックバック攻撃をしてくる敵や\n自身の体力を回復する攻撃をしてくる敵や\n根性の特性を持つ敵が登場するぞ!\n\n再召喚時間の短いキャラが活躍するぞ!\n\nまた、このステージでは特別ルールがあるぞ!
e,202509010,veryhard_chi_00004_ja,veryhard_chi_00004,ja,"",【属性情報】\n赤属性の敵が登場するので青属性のキャラは有利に戦うこともできるぞ!\n青属性の敵が登場するので黄属性のキャラは有利に戦うこともできるぞ!\n緑属性の敵が登場するので赤属性のキャラは有利に戦うこともできるぞ!\n\n【ギミック情報】\nノックバック攻撃をしてくる敵や\nスタン攻撃をしてくる敵や\n根性の特性を持つ敵が登場するぞ!\n\n早川 アキは必殺ワザで強力な単体攻撃をしてくるぞ!\n\n再召喚時間の短いキャラが活躍するぞ!\n\nまた、このステージでは特別ルールがあるぞ!
e,202509010,veryhard_chi_00005_ja,veryhard_chi_00005,ja,"",【属性情報】\n赤属性の敵が登場するので青属性のキャラは有利に戦うこともできるぞ!\n青属性の敵が登場するので黄属性のキャラは有利に戦うこともできるぞ!\n黄属性の敵が登場するので緑属性のキャラは有利に戦うこともできるぞ!\n\n【コマ効果情報】\n攻撃UPコマ、ダメージコマが登場するぞ!\n\n【ギミック情報】\n自身の体力を回復する攻撃をしてくる敵や\n根性の特性を持つ敵が登場するぞ!\n\n再召喚時間の短いキャラが活躍するぞ!\n\nまた、このステージでは特別ルールがあるぞ!
e,202509010,veryhard_chi_00006_ja,veryhard_chi_00006,ja,"",【属性情報】\n赤属性の敵が登場するので青属性のキャラは有利に戦うこともできるぞ!\n青属性の敵が登場するので黄属性のキャラは有利に戦うこともできるぞ!\n緑属性の敵が登場するので赤属性のキャラは有利に戦うこともできるぞ!\n\n【コマ効果情報】\n攻撃DOWNコマが登場するぞ!\n\n【ギミック情報】\n毒攻撃をしてくる敵や\n自身の体力を回復する攻撃をしてくる敵や\n根性の特性を持つ敵が登場するぞ!\n\n再召喚時間の短いキャラが活躍するぞ!\n\nまた、このステージでは特別ルールがあるぞ!
e,202509010,normal_sur_00001_ja,normal_sur_00001,ja,"",【属性情報】\n青属性の敵が登場するので黄属性のキャラは有利に戦うこともできるぞ!\n緑属性の敵が登場するので赤属性のキャラは有利に戦うこともできるぞ!\nさらに、無属性の敵も登場するぞ!\n\n【コマ効果情報】\n攻撃DOWNコマが登場するぞ!
e,202509010,normal_sur_00002_ja,normal_sur_00002,ja,"",【属性情報】\n青属性の敵が登場するので黄属性のキャラは有利に戦うこともできるぞ!\n緑属性の敵が登場するので赤属性のキャラは有利に戦うこともできるぞ!\nさらに、無属性の敵も登場するぞ!
e,202509010,normal_sur_00003_ja,normal_sur_00003,ja,"",【属性情報】\n青属性の敵が登場するので黄属性のキャラは有利に戦うこともできるぞ!\n緑属性の敵が登場するので赤属性のキャラは有利に戦うこともできるぞ!\nさらに、無属性の敵も登場するぞ!\n\n【ギミック情報】\n120秒間敵の攻撃から生き残れたら勝利だ!\n\nまた、このステージでは特別ルールがあるぞ!
e,202509010,normal_sur_00004_ja,normal_sur_00004,ja,"",【属性情報】\n青属性の敵が登場するので黄属性のキャラは有利に戦うこともできるぞ!\n緑属性の敵が登場するので赤属性のキャラは有利に戦うこともできるぞ!\nさらに、無属性の敵も登場するぞ!\n\n【ギミック情報】\nスタン攻撃をしてくる敵が登場するぞ!
e,202509010,normal_sur_00005_ja,normal_sur_00005,ja,"",【属性情報】\n青属性の敵が登場するので黄属性のキャラは有利に戦うこともできるぞ!\n緑属性の敵が登場するので赤属性のキャラは有利に戦うこともできるぞ!\nさらに、無属性の敵も登場するぞ!
e,202509010,normal_sur_00006_ja,normal_sur_00006,ja,"",【属性情報】\n青属性の敵が登場するので黄属性のキャラは有利に戦うこともできるぞ!\n\n【ギミック情報】\n敵自身や敵全体の攻撃UPをしてくる敵や\nノックバック攻撃をしてくる敵が登場するぞ!\n敵の必殺ワザのタイミングをよく見て戦おう!
e,202509010,hard_sur_00001_ja,hard_sur_00001,ja,"",【属性情報】\n青属性の敵が登場するので黄属性のキャラは有利に戦うこともできるぞ!\n緑属性の敵が登場するので赤属性のキャラは有利に戦うこともできるぞ!\nさらに、無属性の敵も登場するぞ!\n\n【コマ効果情報】\n攻撃DOWNコマが登場するぞ!
e,202509010,hard_sur_00002_ja,hard_sur_00002,ja,"",【属性情報】\n青属性の敵が登場するので黄属性のキャラは有利に戦うこともできるぞ!\n緑属性の敵が登場するので赤属性のキャラは有利に戦うこともできるぞ!\nさらに、無属性の敵も登場するぞ!
e,202509010,hard_sur_00003_ja,hard_sur_00003,ja,"",【属性情報】\n青属性の敵が登場するので黄属性のキャラは有利に戦うこともできるぞ!\n緑属性の敵が登場するので赤属性のキャラは有利に戦うこともできるぞ!\nさらに、無属性の敵も登場するぞ!\n\n【ギミック情報】\n120秒間敵の攻撃から生き残れたら勝利だ!\n\nまた、このステージでは特別ルールがあるぞ!
e,202509010,hard_sur_00004_ja,hard_sur_00004,ja,"",【属性情報】\n青属性の敵が登場するので黄属性のキャラは有利に戦うこともできるぞ!\n緑属性の敵が登場するので赤属性のキャラは有利に戦うこともできるぞ!\nさらに、無属性の敵も登場するぞ!\n\n【ギミック情報】\nスタン攻撃をしてくる敵が登場するぞ!
e,202509010,hard_sur_00005_ja,hard_sur_00005,ja,"",【属性情報】\n青属性の敵が登場するので黄属性のキャラは有利に戦うこともできるぞ!\n緑属性の敵が登場するので赤属性のキャラは有利に戦うこともできるぞ!\nさらに、無属性の敵も登場するぞ!
e,202509010,hard_sur_00006_ja,hard_sur_00006,ja,"",【属性情報】\n青属性の敵が登場するので黄属性のキャラは有利に戦うこともできるぞ!\n\n【ギミック情報】\n攻撃UPをしてくる敵が登場するぞ!\n必殺技で高威力の単体攻撃をしてくる敵が登場するぞ!\n敵の必殺技のタイミングをよく見て対応しよう!
e,202509010,veryhard_sur_00001_ja,veryhard_sur_00001,ja,"",【属性情報】\n赤属性の敵が登場するので青属性のキャラは有利に戦うこともできるぞ!\n青属性の敵が登場するので黄属性のキャラは有利に戦うこともできるぞ!\n緑属性の敵が登場するので赤属性のキャラは有利に戦うこともできるぞ!\nさらに、無属性の敵も登場するぞ!\n\nまた、このステージでは特別ルールがあるぞ!
e,202509010,veryhard_sur_00002_ja,veryhard_sur_00002,ja,"",【属性情報】\n赤属性の敵が登場するので青属性のキャラは有利に戦うこともできるぞ!\n緑属性の敵が登場するので赤属性のキャラは有利に戦うこともできるぞ!\nさらに、無属性の敵も登場するぞ!\n\nまた、このステージでは特別ルールがあるぞ!
e,202509010,veryhard_sur_00003_ja,veryhard_sur_00003,ja,"",【属性情報】\n赤属性の敵が登場するので青属性のキャラは有利に戦うこともできるぞ!\n青属性の敵が登場するので黄属性のキャラは有利に戦うこともできるぞ!\n緑属性の敵が登場するので赤属性のキャラは有利に戦うこともできるぞ!\nさらに、無属性の敵も登場するぞ!\n\n【コマ効果情報】\n攻撃UPコマと攻撃DOWNコマが登場するぞ!\n\nまた、このステージでは特別ルールがあるぞ!
e,202509010,veryhard_sur_00004_ja,veryhard_sur_00004,ja,"",【属性情報】\n赤属性の敵が登場するので青属性のキャラは有利に戦うこともできるぞ!\n青属性の敵が登場するので黄属性のキャラは有利に戦うこともできるぞ!\n緑属性の敵が登場するので赤属性のキャラは有利に戦うこともできるぞ!\nさらに、無属性の敵も登場するぞ!\n\n【コマ効果情報】\n攻撃UPコマが登場するぞ!\n攻撃UPコマで戦うことを意識しよう!\n\nまた、このステージでは特別ルールがあるぞ!
e,202509010,veryhard_sur_00005_ja,veryhard_sur_00005,ja,"",【属性情報】\n赤属性の敵が登場するので青属性のキャラは有利に戦うこともできるぞ!\n緑属性の敵が登場するので赤属性のキャラは有利に戦うこともできるぞ!\nさらに、無属性の敵も登場するぞ!\n\n【コマ効果情報】\n攻撃DOWNコマとダメージコマが登場するぞ!\n\n【ギミック情報】\n敵自身の攻撃UPをしてくる敵や\n敵全体を回復をしてくる敵が登場するぞ!\n\nまた、このステージでは特別ルールがあるぞ!
e,202509010,veryhard_sur_00006_ja,veryhard_sur_00006,ja,"",【属性情報】\n赤属性の敵が登場するので青属性のキャラは有利に戦うこともできるぞ!\n緑属性の敵が登場するので赤属性のキャラは有利に戦うこともできるぞ!\nさらに、無属性の敵も登場するぞ!\n\n【コマ効果情報】\n攻撃DOWNコマとダメージコマが登場するぞ!\n\n【ギミック情報】\n敵自身の攻撃UPをしてくる敵や\n敵全体を回復をしてくる敵や\nノックバック攻撃をしてくる敵や\n味方の攻撃DOWNをしてくる敵や\n敵に被ダメージカットを付与する敵が登場するぞ!\n\nまた、このステージでは特別ルールがあるぞ!
e,202509010,normal_rik_00001_ja,normal_rik_00001,ja,"",【属性情報】\n無属性の敵が登場するぞ!\n\n【ギミック情報】\n突如上空から出現する敵もいるぞ!\n盤面をしっかり確認しよう!
e,202509010,normal_rik_00002_ja,normal_rik_00002,ja,"",【属性情報】\n赤属性の敵が登場するので青属性のキャラは有利に戦うこともできるぞ!\nさらに、無属性の敵も登場するぞ!\n\n【ギミック情報】\nノックバック攻撃をしてくる敵が登場するぞ!\n\n突如上空から出現する敵もいるぞ!\n盤面をしっかり確認しよう!
e,202509010,normal_rik_00003_ja,normal_rik_00003,ja,"",【属性情報】\n赤属性の敵が登場するので青属性のキャラは有利に戦うこともできるぞ!\nさらに、無属性の敵も登場するぞ!\n\n【コマ効果情報】\n突風コマが登場するぞ!\n\n【ギミック情報】\n ノックバック攻撃をしてくる敵や\n敵全体の攻撃UPをしてくる敵が登場するぞ!\n\n突如上空から出現する敵もいるぞ!\n盤面をしっかり確認しよう!
e,202509010,hard_rik_00001_ja,hard_rik_00001,ja,"",【属性情報】\n無属性の敵が登場するぞ!\n\n【ギミック情報】\n突如上空から出現する敵もいるぞ!\n盤面をしっかり確認しよう!
e,202509010,hard_rik_00002_ja,hard_rik_00002,ja,"",【属性情報】\n赤属性の敵が登場するので青属性のキャラは有利に戦うこともできるぞ!\nさらに、無属性の敵も登場するぞ!\n\n【ギミック情報】\nノックバック攻撃をしてくる敵が登場するぞ!\n\n突如上空から出現する敵もいるぞ!\n盤面をしっかり確認しよう!
e,202509010,hard_rik_00003_ja,hard_rik_00003,ja,"",【属性情報】\n赤属性の敵が登場するので青属性のキャラは有利に戦うこともできるぞ!\nさらに、無属性の敵も登場するぞ!\n\n【コマ効果情報】\n突風コマが登場するぞ!\n\n【ギミック情報】\n ノックバック攻撃をしてくる敵や\n敵全体の攻撃UPをしてくる敵が登場するぞ!\n\n突如上空から出現する敵もいるぞ!\n盤面をしっかり確認しよう!
e,202509010,veryhard_rik_00001_ja,veryhard_rik_00001,ja,"",【属性情報】\n赤属性の敵が登場するので青属性のキャラは有利に戦うこともできるぞ!\n黄属性の敵が登場するので緑属性のキャラは有利に戦うこともできるぞ!\n緑属性の敵が登場するので赤属性のキャラは有利に戦うこともできるぞ!\n\n【ギミック情報】\n ノックバック攻撃をしてくる敵や\n敵全体の攻撃UPをしてくる敵が登場するぞ!\n\n突如上空から出現する敵もいるぞ!\n盤面をしっかり確認しよう!\n\nまた、このステージでは特別ルールがあるぞ!
e,202509010,veryhard_rik_00002_ja,veryhard_rik_00002,ja,"",【属性情報】\n赤属性の敵が登場するので青属性のキャラは有利に戦うこともできるぞ!\n黄属性の敵が登場するので緑属性のキャラは有利に戦うこともできるぞ!\n緑属性の敵が登場するので赤属性のキャラは有利に戦うこともできるぞ!\n\n【コマ効果情報】\nダメージコマが登場するぞ!\n\n【ギミック情報】\nノックバック攻撃と味方の攻撃DOWNをしてくる敵が登場するぞ!\n\n突如上空から出現する敵もいるぞ!\n盤面をしっかり確認しよう!\n\nまた、このステージでは特別ルールがあるぞ!
e,202509010,veryhard_rik_00003_ja,veryhard_rik_00003,ja,"",【属性情報】\n赤属性の敵が登場するので青属性のキャラは有利に戦うこともできるぞ!\n黄属性の敵が登場するので緑属性のキャラは有利に戦うこともできるぞ!\n緑属性の敵が登場するので赤属性のキャラは有利に戦うこともできるぞ!\n\n【コマ効果情報】\n攻撃UPコマが登場するぞ!\n\n【ギミック情報】\nノックバック攻撃をしてくる敵や\n味方の攻撃DOWNをしてくる敵や\n敵全体の攻撃UPと敵全体の体力を回復してくる敵が登場するぞ!\n\nまた、このステージでは特別ルールがあるぞ!
e,202509010,normal_glo3_00001_ja,normal_glo3_00001,ja,"",【属性情報】\n黄属性の敵が登場するので緑属性のキャラは有利に戦うこともできるぞ!\n\n【ギミック情報】\n敵全体の攻撃UPや回復をしてくる敵が登場するぞ!\n\n攻撃が高いキャラや必要リーダーPが低いキャラが活躍するぞ!
e,202509010,normal_glo3_00002_ja,normal_glo3_00002,ja,"",【属性情報】\n青属性の敵が登場するので黄属性のキャラは有利に戦うこともできるぞ!\n\n【ギミック情報】\nスタン攻撃をしてくる敵が登場するぞ!\n特性でスタン攻撃無効化を持っているキャラを編成しよう!\n\nディフェンスキャラを多く編成してみよう!
e,202509010,normal_glo3_00003_ja,normal_glo3_00003,ja,"",【属性情報】\n赤属性の敵が登場するので青属性のキャラは有利に戦うこともできるぞ!\n\n【ギミック情報】\n敵自身の攻撃UPをしてくる敵が多く登場するぞ!\n必殺ワザで範囲攻撃ができるキャラを編成しよう!
e,202509010,hard_glo3_00001_ja,hard_glo3_00001,ja,"",【属性情報】\n黄属性の敵が登場するので緑属性のキャラは有利に戦うこともできるぞ!\n\n【ギミック情報】\n敵全体の攻撃UPや回復をしてくる敵が登場するぞ!\n\n攻撃が高いキャラや必要リーダーPが低いキャラが活躍するぞ!
e,202509010,hard_glo3_00002_ja,hard_glo3_00002,ja,"",【属性情報】\n青属性の敵が登場するので黄属性のキャラは有利に戦うこともできるぞ!\n\n【ギミック情報】\nスタン攻撃をしてくる敵が登場するぞ!\n特性でスタン攻撃無効化を持っているキャラを編成しよう!\n\nディフェンスキャラを多く編成してみよう!
e,202509010,hard_glo3_00003_ja,hard_glo3_00003,ja,"",【属性情報】\n赤属性の敵が登場するので青属性のキャラは有利に戦うこともできるぞ!\n\n【ギミック情報】\n敵自身の攻撃UPをしてくる敵が多く登場するぞ!\n必殺ワザで範囲攻撃ができるキャラを編成しよう!
e,202509010,veryhard_glo3_00001_ja,veryhard_glo3_00001,ja,"",【属性情報】\n黄属性の敵が登場するので緑属性のキャラは有利に戦うこともできるぞ!\nさらに、無属性の敵も登場するぞ!\n\n【ギミック情報】\nスタン攻撃や、ノックバック攻撃をしてくる敵が登場するぞ!\n特性でスタン攻撃無効やノックバック攻撃無効を持っている\nキャラを編成しよう!\n\nまた、このステージでは特別ルールがあるぞ!
e,202509010,veryhard_glo3_00002_ja,veryhard_glo3_00002,ja,"",【属性情報】\n青属性の敵が登場するので黄属性のキャラは有利に戦うこともできるぞ!\nさらに、無属性の敵も登場するぞ!\n\n【ギミック情報】\nスタン攻撃や、ノックバック攻撃をしてくる敵が登場するぞ!\n特性でスタン攻撃無効やノックバック攻撃無効を持っている\nキャラを編成しよう!\n\nまた、このステージでは特別ルールがあるぞ!
e,202509010,veryhard_glo3_00003_ja,veryhard_glo3_00003,ja,"",【属性情報】\n赤属性の敵が登場するので青属性のキャラは有利に戦うこともできるぞ!\n\n【ギミック情報】\n敵自身の攻撃UPをしてくる敵が多く登場するぞ!\n必殺ワザで範囲攻撃ができるキャラを編成しよう!\n\nまた、このステージでは特別ルールがあるぞ!
e,202509010,normal_mag_00001_ja,normal_mag_00001,ja,"",【属性情報】\n青属性の敵が登場するので黄属性のキャラは有利に戦うこともできるぞ!\nさらに、無属性の敵も登場するぞ!\n\n【ギミック情報】\n味方の攻撃DOWNをしてくる敵が登場するぞ!\n\nまた、このステージでは特別ルールがあるぞ!\n制限時間までゲートを守りぬこう!
e,202509010,normal_mag_00002_ja,normal_mag_00002,ja,"",【属性情報】\n青属性の敵が登場するので黄属性のキャラは有利に戦うこともできるぞ!\nさらに、無属性の敵も登場するぞ!\n\n【ギミック情報】\n氷結攻撃をしてくる敵が登場するぞ!\n特性で氷結無効化を持っているキャラを編成しよう!
e,202509010,normal_mag_00003_ja,normal_mag_00003,ja,"",【属性情報】\n青属性の敵が登場するので黄属性のキャラは有利に戦うこともできるぞ!\nさらに、無属性の敵も登場するぞ!\n\n【ギミック情報】\n氷結攻撃をしてくる敵が登場するぞ!\n特性で氷結無効化を持っているキャラを編成しよう!
e,202509010,normal_mag_00004_ja,normal_mag_00004,ja,"",【属性情報】\n赤属性の敵が登場するので青属性のキャラは有利に戦うこともできるぞ!\n青属性の敵が登場するので黄属性のキャラは有利に戦うこともできるぞ!\nさらに、無属性の敵も登場するぞ!\n\n【ギミック情報】\n敵が多く出現してくるぞ!\n必殺ワザで範囲攻撃ができるキャラを編成しよう!
e,202509010,normal_mag_00005_ja,normal_mag_00005,ja,"",【属性情報】\n赤属性の敵が登場するので青属性のキャラは有利に戦うこともできるぞ!\n青属性の敵が登場するので黄属性のキャラは有利に戦うこともできるぞ!\nさらに、無属性の敵も登場するぞ!\n\n【コマ効果情報】\nダメージコマが登場するぞ!\n特性でダメージコマ無効化を持っているキャラを編成しよう!\n\n【ギミック情報】\n敵が多く出現してくるぞ!\n必殺ワザで範囲攻撃ができるキャラを編成しよう!\nこのステージではマンホールから建造物寄生型の怪異 (小)が出現するぞ!\n突如登場してくる敵に注意しよう!
e,202509010,normal_mag_00006_ja,normal_mag_00006,ja,"",【属性情報】\n青属性の敵が登場するので黄属性のキャラは有利に戦うこともできるぞ!\nさらに、無属性の敵も登場するぞ!\n\n【ギミック情報】\nノックバック攻撃や、氷結攻撃をしてくる敵が登場するぞ!\n特性でノックバック無効化や氷結無効化を持っているキャラを編成しよう!
e,202509010,hard_mag_00001_ja,hard_mag_00001,ja,"",【属性情報】\n青属性の敵が登場するので黄属性のキャラは有利に戦うこともできるぞ!\nさらに、無属性の敵も登場するぞ!\n\n【ギミック情報】\n味方の攻撃DOWNをしてくる敵が登場するぞ!\n\nまた、このステージでは特別ルールがあるぞ!\n制限時間までゲートを守りぬこう!
e,202509010,hard_mag_00002_ja,hard_mag_00002,ja,"",【属性情報】\n青属性の敵が登場するので黄属性のキャラは有利に戦うこともできるぞ!\nさらに、無属性の敵も登場するぞ!\n\n【ギミック情報】\n特性で氷結無効化を持っているキャラを編成しよう!
e,202509010,hard_mag_00003_ja,hard_mag_00003,ja,"",【属性情報】\n青属性の敵が登場するので黄属性のキャラは有利に戦うこともできるぞ!\nさらに、無属性の敵も登場するぞ!\n\n【ギミック情報】\n氷結攻撃をしてくる敵が登場するぞ!\n特性で氷結無効化を持っているキャラを編成しよう!
e,202509010,hard_mag_00004_ja,hard_mag_00004,ja,"",【属性情報】\n赤属性の敵が登場するので青属性のキャラは有利に戦うこともできるぞ!\n青属性の敵が登場するので黄属性のキャラは有利に戦うこともできるぞ!\nさらに、無属性の敵も登場するぞ!\n\n【ギミック情報】\n敵が多く出現してくるぞ!\n必殺ワザで範囲攻撃ができるキャラを編成しよう!
e,202509010,hard_mag_00005_ja,hard_mag_00005,ja,"",【属性情報】\n赤属性の敵が登場するので青属性のキャラは有利に戦うこともできるぞ!\n青属性の敵が登場するので黄属性のキャラは有利に戦うこともできるぞ!\nさらに、無属性の敵も登場するぞ!\n\n【コマ効果情報】\nダメージコマが登場するぞ!\n特性でダメージコマ無効化を持っているキャラを編成しよう!\n\n【ギミック情報】\n敵が多く出現してくるぞ!\n必殺ワザで範囲攻撃ができるキャラを編成しよう!\nこのステージではマンホールから建造物寄生型の怪異 (小)が出現するぞ!\n突如登場してくる敵に注意しよう!
e,202509010,hard_mag_00006_ja,hard_mag_00006,ja,"",【属性情報】\n青属性の敵が登場するので黄属性のキャラは有利に戦うこともできるぞ!\nさらに、無属性の敵も登場するぞ!\n\n【ギミック情報】\nノックバック攻撃や、氷結攻撃をしてくる敵が登場するぞ!\n特性でノックバック無効化や氷結無効化を持っているキャラを編成しよう!
e,202509010,veryhard_mag_00001_ja,veryhard_mag_00001,ja,"",【属性情報】\n赤属性の敵が登場するので青属性のキャラは有利に戦うこともできるぞ!\n青属性の敵が登場するので黄属性のキャラは有利に戦うこともできるぞ!\n緑属性の敵が登場するので赤属性のキャラは有利に戦うこともできるぞ!\n\n【ギミック情報】\nノックバック攻撃や、氷結攻撃をしてくる敵が登場するぞ!\n特性でノックバック無効化や氷結無効化を持っているキャラを編成しよう!\n\nまた、このステージでは特別ルールがあるぞ!
e,202509010,veryhard_mag_00002_ja,veryhard_mag_00002,ja,"",【属性情報】\n緑属性の敵が登場するので赤属性のキャラは有利に戦うこともできるぞ!\n黄属性の敵が登場するので緑属性のキャラは有利に戦うこともできるぞ!\n\n【ギミック情報】\nスタン攻撃をしてくる敵が登場するぞ!\n特性でスタン攻撃無効化を持っているキャラを編成しよう!\n\nまた、このステージでは特別ルールがあるぞ!
e,202509010,veryhard_mag_00003_ja,veryhard_mag_00003,ja,"",【属性情報】\n青属性の敵が登場するので黄属性のキャラは有利に戦うこともできるぞ!\n緑属性の敵が登場するので赤属性のキャラは有利に戦うこともできるぞ!\n黄属性の敵が登場するので緑属性のキャラは有利に戦うこともできるぞ!\n\n【コマ効果情報】\n攻撃DOWNコマとダメージコマが登場するぞ!\n特性で攻撃DOWNコマ無効化や、ダメージコマ無効化を持っているキャラを編成しよう!\n\n【ギミック情報】\nスタン攻撃やノックバック攻撃をしてくる敵が登場するぞ!\n特性でスタン攻撃無効化やノックバック無効化を持っているキャラを編成しよう!\n\nまた、このステージでは特別ルールがあるぞ!
e,202509010,veryhard_mag_00004_ja,veryhard_mag_00004,ja,"",【属性情報】\n青属性の敵が登場するので黄属性のキャラは有利に戦うこともできるぞ!\n緑属性の敵が登場するので赤属性のキャラは有利に戦うこともできるぞ!\n黄属性の敵が登場するので緑属性のキャラは有利に戦うこともできるぞ!\n\n【ギミック情報】\nスタン攻撃やノックバック攻撃をしてくる敵が登場するぞ!\n特性でスタン攻撃無効化やノックバック無効化を持っているキャラを編成しよう!\n\nまた、このステージでは特別ルールがあるぞ!
e,202509010,veryhard_mag_00005_ja,veryhard_mag_00005,ja,"",【属性情報】\n青属性の敵が登場するので黄属性のキャラは有利に戦うこともできるぞ!\n緑属性の敵が登場するので赤属性のキャラは有利に戦うこともできるぞ!\n黄属性の敵が登場するので緑属性のキャラは有利に戦うこともできるぞ!\n\n【コマ効果情報】\nダメージコマや突風コマが登場するぞ!\nダメージコマを避けて戦うことを意識しよう!\n\nまた、このステージでは特別ルールがあるぞ!
e,202509010,veryhard_mag_00006_ja,veryhard_mag_00006,ja,"",【属性情報】\n青属性の敵が登場するので黄属性のキャラは有利に戦うこともできるぞ!\n緑属性の敵が登場するので赤属性のキャラは有利に戦うこともできるぞ!\n黄属性の敵が登場するので緑属性のキャラは有利に戦うこともできるぞ!\n\n【ギミック情報】\nスタン攻撃やノックバック攻撃をしてくる敵が登場するぞ!\n特性でスタン攻撃無効化やノックバック無効化を持っているキャラを編成しよう!\n\nまた、このステージでは特別ルールがあるぞ!
e,202509010,normal_sum_00001_ja,normal_sum_00001,ja,"",【属性情報】\n黄属性の敵が登場するので緑属性のキャラは有利に戦うこともできるぞ!\nさらに、無属性の敵も登場するぞ!\n\n【ギミック情報】\nノックバック攻撃をしてくる敵が登場するぞ!\n特性でノックバック無効化を持っているキャラを編成しよう!
e,202509010,normal_sum_00002_ja,normal_sum_00002,ja,"",【属性情報】\n赤属性の敵が登場するので青属性のキャラは有利に戦うこともできるぞ!\n黄属性の敵が登場するので緑属性のキャラは有利に戦うこともできるぞ!\nさらに、無属性の敵も登場するぞ!
e,202509010,normal_sum_00003_ja,normal_sum_00003,ja,"",【属性情報】\n青属性の敵が登場するので黄属性のキャラは有利に戦うこともできるぞ!\n黄属性の敵が登場するので緑属性のキャラは有利に戦うこともできるぞ!\nさらに、無属性の敵も登場するぞ!\n\n【ギミック情報】\nノックバック攻撃をしてくる敵が登場するぞ!\n特性でノックバック無効化を持っているキャラを編成しよう!
e,202509010,normal_sum_00004_ja,normal_sum_00004,ja,"",【属性情報】\n赤属性の敵が登場するので青属性のキャラは有利に戦うこともできるぞ!\n青属性の敵が登場するので黄属性のキャラは有利に戦うこともできるぞ!\nさらに、無属性の敵も登場するぞ!
e,202509010,normal_sum_00005_ja,normal_sum_00005,ja,"",【属性情報】\n赤属性の敵が登場するので青属性のキャラは有利に戦うこともできるぞ!\n青属性の敵が登場するので黄属性のキャラは有利に戦うこともできるぞ!\nさらに、無属性の敵も登場するぞ!
e,202509010,normal_sum_00006_ja,normal_sum_00006,ja,"",【属性情報】\n赤属性の敵が登場するので青属性のキャラは有利に戦うこともできるぞ!\nさらに、無属性の敵も登場するぞ!\n\n【ギミック情報】\nノックバック攻撃をしてくる敵が登場するぞ!\n特性でノックバック無効化を持っているキャラを編成しよう!
e,202509010,hard_sum_00001_ja,hard_sum_00001,ja,"",【属性情報】\n黄属性の敵が登場するので緑属性のキャラは有利に戦うこともできるぞ!\nさらに、無属性の敵も登場するぞ!\n\n【ギミック情報】\nノックバック攻撃をしてくる敵が登場するぞ!\n特性でノックバック無効化を持っているキャラを編成しよう!
e,202509010,hard_sum_00002_ja,hard_sum_00002,ja,"",【属性情報】\n赤属性の敵が登場するので青属性のキャラは有利に戦うこともできるぞ!\n黄属性の敵が登場するので緑属性のキャラは有利に戦うこともできるぞ!\nさらに、無属性の敵も登場するぞ!
e,202509010,hard_sum_00003_ja,hard_sum_00003,ja,"",【属性情報】\n青属性の敵が登場するので黄属性のキャラは有利に戦うこともできるぞ!\n黄属性の敵が登場するので緑属性のキャラは有利に戦うこともできるぞ!\nさらに、無属性の敵も登場するぞ!\n\n【ギミック情報】\nノックバック攻撃をしてくる敵が登場するぞ!\n特性でノックバック無効化を持っているキャラを編成しよう!
e,202509010,hard_sum_00004_ja,hard_sum_00004,ja,"",【属性情報】\n赤属性の敵が登場するので青属性のキャラは有利に戦うこともできるぞ!\n青属性の敵が登場するので黄属性のキャラは有利に戦うこともできるぞ!\nさらに、無属性の敵も登場するぞ!
e,202509010,hard_sum_00005_ja,hard_sum_00005,ja,"",【属性情報】\n赤属性の敵が登場するので青属性のキャラは有利に戦うこともできるぞ!\n青属性の敵が登場するので黄属性のキャラは有利に戦うこともできるぞ!\nさらに、無属性の敵も登場するぞ!
e,202509010,hard_sum_00006_ja,hard_sum_00006,ja,"",【属性情報】\n赤属性の敵が登場するので青属性のキャラは有利に戦うこともできるぞ!\nさらに、無属性の敵も登場するぞ!\n\n【ギミック情報】\nノックバック攻撃をしてくる敵が登場するぞ!\n特性でノックバック無効化を持っているキャラを編成しよう!
e,202509010,veryhard_sum_00001_ja,veryhard_sum_00001,ja,"",【属性情報】\n青属性の敵が登場するので黄属性のキャラは有利に戦うこともできるぞ!\n緑属性の敵が登場するので赤属性のキャラは有利に戦うこともできるぞ!\n黄属性の敵が登場するので緑属性のキャラは有利に戦うこともできるぞ!\nさらに、無属性の敵も登場するぞ!\n\n【ギミック情報】\nノックバック攻撃をしてくる敵が登場するぞ!\n特性でノックバック無効化を持っているキャラを編成しよう!\n\nまた、このステージでは特別ルールがあるぞ!
e,202509010,veryhard_sum_00002_ja,veryhard_sum_00002,ja,"",【属性情報】\n赤属性の敵が登場するので青属性のキャラは有利に戦うこともできるぞ!\n青属性の敵が登場するので黄属性のキャラは有利に戦うこともできるぞ!\n緑属性の敵が登場するので赤属性のキャラは有利に戦うこともできるぞ!\n黄属性の敵が登場するので緑属性のキャラは有利に戦うこともできるぞ!\n\nまた、このステージでは特別ルールがあるぞ!
e,202509010,veryhard_sum_00003_ja,veryhard_sum_00003,ja,"",【属性情報】\n赤属性の敵が登場するので青属性のキャラは有利に戦うこともできるぞ!\n青属性の敵が登場するので黄属性のキャラは有利に戦うこともできるぞ!\n緑属性の敵が登場するので赤属性のキャラは有利に戦うこともできるぞ!\n\n【コマ効果情報】\n攻撃UPコマが登場するぞ!\n\n【ギミック情報】\n味方の攻撃DOWNをしてくる敵が登場するぞ!\n\nまた、このステージでは特別ルールがあるぞ!
e,202509010,veryhard_sum_00004_ja,veryhard_sum_00004,ja,"",【属性情報】\n赤属性の敵が登場するので青属性のキャラは有利に戦うこともできるぞ!\n青属性の敵が登場するので黄属性のキャラは有利に戦うこともできるぞ!\n緑属性の敵が登場するので赤属性のキャラは有利に戦うこともできるぞ!\n\n【コマ効果情報】\n突風コマが登場するぞ!\n特性で突風コマ無効化を持っているキャラを編成しよう!\n\n【ギミック情報】\nノックバック攻撃をしてくる敵が登場するぞ!\n特性でノックバック無効化を持っているキャラを編成しよう!\n\nまた、このステージでは特別ルールがあるぞ!
e,202509010,veryhard_sum_00005_ja,veryhard_sum_00005,ja,"",【属性情報】\n緑属性の敵が登場するので赤属性のキャラは有利に戦うこともできるぞ!\n黄属性の敵が登場するので緑属性のキャラは有利に戦うこともできるぞ!\n\n【コマ効果情報】\n攻撃UPコマが登場するぞ!\n特性で攻撃UPコマ効果UPを持っているキャラを編成しよう!\n\n【ギミック情報】\n敵の攻撃UPや体力を回復をしてくる敵が登場するぞ!\n\nまた、このステージでは特別ルールがあるぞ!
e,202509010,veryhard_sum_00006_ja,veryhard_sum_00006,ja,"",【属性情報】\n青属性の敵が登場するので黄属性のキャラは有利に戦うこともできるぞ!\n緑属性の敵が登場するので赤属性のキャラは有利に戦うこともできるぞ!\n黄属性の敵が登場するので緑属性のキャラは有利に戦うこともできるぞ!\n\n\n【コマ効果情報】\n攻撃DOWNコマが登場するぞ!\n特性で攻撃DOWNコマ無効化を持っているキャラを編成しよう!\n\n【ギミック情報】\n敵の攻撃UPや体力を回復をしてくる敵が登場するぞ!\n\nまた、このステージでは特別ルールがあるぞ!
e,202509010,normal_kai_00001_ja,normal_kai_00001,ja,"",【属性情報】\n緑属性の敵が登場するので赤属性のキャラは有利に戦うこともできるぞ!\nさらに、無属性の敵も登場するぞ!\n\n【ギミック情報】\nノックバック攻撃をしてくる敵が登場するぞ!\n特性でノックバック無効化を持っているキャラを編成しよう!
e,202509010,normal_kai_00002_ja,normal_kai_00002,ja,"",【属性情報】\n緑属性の敵が登場するので赤属性のキャラは有利に戦うこともできるぞ!\nさらに、無属性の敵も登場するぞ!\n\n【ギミック情報】\n敵が多く出現してくるぞ!\n必殺ワザで範囲攻撃ができるキャラを編成しよう!
e,202509010,normal_kai_00003_ja,normal_kai_00003,ja,"",【属性情報】\n緑属性の敵が登場するので赤属性のキャラは有利に戦うこともできるぞ!\n黄属性の敵が登場するので緑属性のキャラは有利に戦うこともできるぞ!\nさらに、無属性の敵も登場するぞ!\n\n【ギミック情報】\n味方の攻撃DOWNをしてくる敵が登場するぞ!
e,202509010,normal_kai_00004_ja,normal_kai_00004,ja,"",【属性情報】\n緑属性の敵が登場するので赤属性のキャラは有利に戦うこともできるぞ!\n黄属性の敵が登場するので緑属性のキャラは有利に戦うこともできるぞ!\nさらに、無属性の敵も登場するぞ!\n\n【ギミック情報】\n味方の攻撃DOWNをしてくる敵が登場するぞ!
e,202509010,normal_kai_00005_ja,normal_kai_00005,ja,"",【属性情報】\n緑属性の敵が登場するので赤属性のキャラは有利に戦うこともできるぞ!\n黄属性の敵が登場するので緑属性のキャラは有利に戦うこともできるぞ!\nさらに、無属性の敵も登場するぞ!\n\n【ギミック情報】\n一定時間でステージ上で倒れている敵が復活するぞ!
e,202509010,normal_kai_00006_ja,normal_kai_00006,ja,"",【属性情報】\n黄属性の敵が登場するので緑属性のキャラは有利に戦うこともできるぞ!\nさらに、無属性の敵も登場するぞ!\n\n【ギミック情報】\nスタン攻撃や味方の攻撃DOWNをしてくる敵が登場するぞ!\n特性でスタン攻撃無効化を持っているキャラを編成しよう!
e,202509010,hard_kai_00001_ja,hard_kai_00001,ja,"",【属性情報】\n緑属性の敵が登場するので赤属性のキャラは有利に戦うこともできるぞ!\nさらに、無属性の敵も登場するぞ!\n\n【ギミック情報】\nノックバック攻撃をしてくる敵が登場するぞ!\n特性でノックバック無効化を持っているキャラを編成しよう!
e,202509010,hard_kai_00002_ja,hard_kai_00002,ja,"",【属性情報】\n緑属性の敵が登場するので赤属性のキャラは有利に戦うこともできるぞ!\nさらに、無属性の敵も登場するぞ!\n\n【ギミック情報】\n敵が多く出現してくるぞ!\n必殺ワザで範囲攻撃ができるキャラを編成しよう!
e,202509010,hard_kai_00003_ja,hard_kai_00003,ja,"",【属性情報】\n黄属性と緑属性の敵が登場するので緑属性と赤属性のキャラは有利に戦うこともできるぞ!\nさらに、無属性の敵も登場するぞ!\n\n【ギミック情報】\n敵が多く出現してくるぞ!\n必殺ワザで範囲攻撃ができるキャラを編成しよう!\n\n遠距離攻撃のキャラが活躍するぞ!\n防御タイプのキャラが活躍するぞ!
e,202509010,hard_kai_00004_ja,hard_kai_00004,ja,"",【属性情報】\n緑属性の敵が登場するので赤属性のキャラは有利に戦うこともできるぞ!\n黄属性の敵が登場するので緑属性のキャラは有利に戦うこともできるぞ!\nさらに、無属性の敵も登場するぞ!\n\n【ギミック情報】\n味方の攻撃DOWNをしてくる敵が登場するぞ!
e,202509010,hard_kai_00005_ja,hard_kai_00005,ja,"",【属性情報】\n緑属性の敵が登場するので赤属性のキャラは有利に戦うこともできるぞ!\n黄属性の敵が登場するので緑属性のキャラは有利に戦うこともできるぞ!\nさらに、無属性の敵も登場するぞ!\n\n【ギミック情報】\n一定時間でステージ上で倒れている敵が復活するぞ!
e,202509010,hard_kai_00006_ja,hard_kai_00006,ja,"",【属性情報】\n黄属性の敵が登場するので緑属性のキャラは有利に戦うこともできるぞ!\nさらに、無属性の敵も登場するぞ!\n\n【ギミック情報】\nスタン攻撃や味方の攻撃DOWNをしてくる敵が登場するぞ!\n特性でスタン攻撃無効化を持っているキャラを編成しよう!
e,202509010,veryhard_kai_00001_ja,veryhard_kai_00001,ja,"",【属性情報】\n赤属性の敵が登場するので青属性のキャラは有利に戦うこともできるぞ!\n緑属性の敵が登場するので赤属性のキャラは有利に戦うこともできるぞ!\n\nまた、このステージでは特別ルールがあるぞ!
e,202509010,veryhard_kai_00002_ja,veryhard_kai_00002,ja,"",【属性情報】\n赤属性の敵が登場するので青属性のキャラは有利に戦うこともできるぞ!\n青属性の敵が登場するので黄属性のキャラは有利に戦うこともできるぞ!\n緑属性の敵が登場するので赤属性のキャラは有利に戦うこともできるぞ!\n\n【ギミック情報】\nスタン攻撃をしてくる敵が登場するぞ!\n特性でスタン攻撃無効化を持っているキャラを編成しよう!\n\nまた、このステージでは特別ルールがあるぞ!
e,202509010,veryhard_kai_00003_ja,veryhard_kai_00003,ja,"",【属性情報】\n赤属性の敵が登場するので青属性のキャラは有利に戦うこともできるぞ!\n青属性の敵が登場するので黄属性のキャラは有利に戦うこともできるぞ!\n緑属性の敵が登場するので赤属性のキャラは有利に戦うこともできるぞ!\n黄属性の敵が登場するので緑属性のキャラは有利に戦うこともできるぞ!\n\n【ギミック情報】\nノックバック攻撃をしてくる敵が登場するぞ!\n特性でノックバック無効化を持っているキャラを編成しよう!\n一定時間でステージ上で倒れている敵が復活するぞ!\n\nまた、このステージでは特別ルールがあるぞ!
e,202509010,veryhard_kai_00004_ja,veryhard_kai_00004,ja,"",【属性情報】\n赤属性の敵が登場するので青属性のキャラは有利に戦うこともできるぞ!\n青属性の敵が登場するので黄属性のキャラは有利に戦うこともできるぞ!\n緑属性の敵が登場するので赤属性のキャラは有利に戦うこともできるぞ!\n黄属性の敵が登場するので緑属性のキャラは有利に戦うこともできるぞ!\n\n【コマ効果情報】\n突風コマやダメージコマが登場するぞ!\n特性で突風コマ無効化やダメージコマ無効化を持っているキャラを編成しよう!\n\n【ギミック情報】\nノックバック攻撃をしてくる敵が登場するぞ!\n特性でノックバック無効化を持っているキャラを編成しよう!\n\nまた、このステージでは特別ルールがあるぞ!
e,202509010,veryhard_kai_00005_ja,veryhard_kai_00005,ja,"",【属性情報】\n赤属性の敵が登場するので青属性のキャラは有利に戦うこともできるぞ!\n青属性の敵が登場するので黄属性のキャラは有利に戦うこともできるぞ!\n黄属性の敵が登場するので緑属性のキャラは有利に戦うこともできるぞ!\n\n【ギミック情報】\nノックバック攻撃をしてくる敵が登場するぞ!\n特性でノックバック無効化を持っているキャラを編成しよう!\n\nまた、このステージでは特別ルールがあるぞ!
e,202509010,veryhard_kai_00006_ja,veryhard_kai_00006,ja,"",【属性情報】\n赤属性の敵が登場するので青属性のキャラは有利に戦うこともできるぞ!\n青属性の敵が登場するので黄属性のキャラは有利に戦うこともできるぞ!\n黄属性の敵が登場するので緑属性のキャラは有利に戦うこともできるぞ!\n\n【ギミック情報】\nノックバック攻撃をしてくる敵が登場するぞ!\n特性でノックバック無効化を持っているキャラを編成しよう!\n\nまた、このステージでは特別ルールがあるぞ!
e,202509010,normal_glo4_00001_ja,normal_glo4_00001,ja,"",【属性情報】\n緑属性の敵が登場するので赤属性のキャラは有利に戦うこともできるぞ!\n\n【ギミック情報】\nノックバック攻撃をしてくる敵や味方の攻撃DOWNをしてくる敵が登場するぞ!\n特性でノックバック無効化を持っているキャラを編成しよう!
e,202509010,normal_glo4_00002_ja,normal_glo4_00002,ja,"",【属性情報】\n青属性の敵が登場するので黄属性のキャラは有利に戦うこともできるぞ!\nさらに、無属性の敵も登場するぞ!\n\n【ギミック情報】\nスタン攻撃をしてくる敵が登場するぞ!\n特性でスタン攻撃無効化を持っているキャラを編成しよう!
e,202509010,normal_glo4_00003_ja,normal_glo4_00003,ja,"",【属性情報】\n黄属性の敵が登場するので緑属性のキャラは有利に戦うこともできるぞ!\n\n【ギミック情報】\n敵自身の体力を回復をしてくる敵が登場するぞ!
e,202509010,hard_glo4_00001_ja,hard_glo4_00001,ja,"",【属性情報】\n緑属性の敵が登場するので赤属性のキャラは有利に戦うこともできるぞ!\n\n【ギミック情報】\nノックバック攻撃をしてくる敵や味方の攻撃DOWNをしてくる敵が登場するぞ!\n特性でノックバック無効化を持っているキャラを編成しよう!
e,202509010,hard_glo4_00002_ja,hard_glo4_00002,ja,"",【属性情報】\n青属性の敵が登場するので黄属性のキャラは有利に戦うこともできるぞ!\nさらに、無属性の敵も登場するぞ!\n\n【ギミック情報】\nスタン攻撃をしてくる敵が登場するぞ!\n特性でスタン攻撃無効化を持っているキャラを編成しよう!
e,202509010,hard_glo4_00003_ja,hard_glo4_00003,ja,"",【属性情報】\n黄属性の敵が登場するので緑属性のキャラは有利に戦うこともできるぞ!\n\n【ギミック情報】\n敵自身の体力を回復をしてくる敵が登場するぞ!
e,202509010,veryhard_glo4_00001_ja,veryhard_glo4_00001,ja,"",【属性情報】\n緑属性の敵が登場するので赤属性のキャラは有利に戦うこともできるぞ!\nさらに、無属性の敵も登場するぞ!\n\n【ギミック情報】\nノックバック攻撃をしてくる敵やスタン攻撃をしてくる敵が登場するぞ!\n特性でノックバック無効化やスタン攻撃無効化を持っているキャラを編成しよう!\n\nまた、このステージでは特別ルールがあるぞ!
e,202509010,veryhard_glo4_00002_ja,veryhard_glo4_00002,ja,"",【属性情報】\n青属性の敵が登場するので黄属性のキャラは有利に戦うこともできるぞ!\nさらに、無属性の敵も登場するぞ!\n\n【ギミック情報】\n味方の攻撃DOWNをしてくる敵が登場するぞ!\n\nまた、このステージでは特別ルールがあるぞ!
e,202509010,veryhard_glo4_00003_ja,veryhard_glo4_00003,ja,"",【属性情報】\n黄属性の敵が登場するので緑属性のキャラは有利に戦うこともできるぞ!\n緑属性の敵が登場するので赤属性のキャラは有利に戦うこともできるぞ!\nさらに、無属性の敵も登場するぞ!\n\n【コマ効果情報】\nダメージコマが登場するぞ!\n特性でダメージコマ無効化を持っているキャラを編成しよう!\n\n【ギミック情報】\n敵自身の攻撃UPや回復をしてくる敵が多く登場するぞ!\n\nまた、このステージでは特別ルールがあるぞ!
e,202509010,raid_kai_00001_ja,raid_kai_00001,ja,"",このステージは、4段で構成されているぞ!\n敵を多く倒して、スコアを稼ごう!
e,202509010,event_kai1_1day_00001_ja,event_kai1_1day_00001,ja,キャラを召喚してみよう!,【属性情報】\n無属性の敵が登場するぞ!\n\n【コマ効果情報】\n攻撃UPコマが登場するぞ!\n\n毎日1回クエストをクリアして、「プリズム」をGETしよう!
e,202509010,event_kai1_charaget01_00001_ja,event_kai1_charaget01_00001,ja,緑属性のキャラを編成してみよう!,【属性情報】\n黄属性の敵が登場するので緑属性のキャラは有利に戦うこともできるぞ!
e,202509010,event_kai1_charaget01_00002_ja,event_kai1_charaget01_00002,ja,緑属性のキャラを編成してみよう!,【属性情報】\n黄属性の敵が登場するので緑属性のキャラは有利に戦うこともできるぞ!
e,202509010,event_kai1_charaget01_00003_ja,event_kai1_charaget01_00003,ja,緑属性のキャラを編成してみよう!,【属性情報】\n黄属性の敵が登場するので緑属性のキャラは有利に戦うこともできるぞ!\n\n【ギミック情報】\n攻撃DOWNをしてくる敵が登場するぞ!
e,202509010,event_kai1_charaget01_00004_ja,event_kai1_charaget01_00004,ja,緑属性のキャラを編成してみよう!,【属性情報】\n黄属性の敵が登場するので緑属性のキャラは有利に戦うこともできるぞ!
e,202509010,event_kai1_charaget01_00005_ja,event_kai1_charaget01_00005,ja,緑属性のキャラを編成してみよう!,【属性情報】\n黄属性の敵が登場するので緑属性のキャラは有利に戦うこともできるぞ!
e,202509010,event_kai1_charaget01_00006_ja,event_kai1_charaget01_00006,ja,敵に攻撃DOWN効果を付与してみよう!,【属性情報】\n黄属性の敵が登場するので緑属性のキャラは有利に戦うこともできるぞ!\n\n怪獣９号の攻撃はとても強力だぞ!\n必殺ワザで攻撃DOWN効果を付与してみよう!
e,202509010,event_kai1_charaget01_00007_ja,event_kai1_charaget01_00007,ja,敵に攻撃DOWN効果を付与してみよう!,【属性情報】\n黄属性の敵が登場するので緑属性のキャラは有利に戦うこともできるぞ!\n\n怪獣９号の攻撃はとても強力だぞ!\n必殺ワザで攻撃DOWN効果を付与してみよう!
e,202509010,event_kai1_charaget01_00008_ja,event_kai1_charaget01_00008,ja,敵に攻撃DOWN効果を付与してみよう!,【属性情報】\n黄属性の敵が登場するので緑属性のキャラは有利に戦うこともできるぞ!\n\n【コマ効果情報】\n攻撃DOWNコマが登場するぞ!\n特性で攻撃DOWNコマ無効化を持っているキャラを編成しよう!\n\n怪獣９号の攻撃はとても強力だぞ!\n必殺ワザで攻撃DOWN効果を付与してみよう!
e,202509010,event_kai1_charaget02_00001_ja,event_kai1_charaget02_00001,ja,緑属性のキャラを編成してみよう!,【属性情報】\n黄属性の敵が登場するので緑属性のキャラは有利に戦うこともできるぞ!
e,202509010,event_kai1_charaget02_00002_ja,event_kai1_charaget02_00002,ja,緑属性のキャラを編成してみよう!,【属性情報】\n黄属性の敵が登場するので緑属性のキャラは有利に戦うこともできるぞ!
e,202509010,event_kai1_charaget02_00003_ja,event_kai1_charaget02_00003,ja,緑属性のキャラを編成してみよう!,【属性情報】\n黄属性の敵が登場するので緑属性のキャラは有利に戦うこともできるぞ!
e,202509010,event_kai1_charaget02_00004_ja,event_kai1_charaget02_00004,ja,緑属性のキャラを編成してみよう!,【属性情報】\n黄属性の敵が登場するので緑属性のキャラは有利に戦うこともできるぞ!
e,202509010,event_kai1_charaget02_00005_ja,event_kai1_charaget02_00005,ja,緑属性のキャラを編成してみよう!,【属性情報】\n黄属性の敵が登場するので緑属性のキャラは有利に戦うこともできるぞ!
e,202509010,event_kai1_charaget02_00006_ja,event_kai1_charaget02_00006,ja,特性で攻撃DOWNコマ無効化を持っているキャラを編成してみよう!,【属性情報】\n青属性の敵が登場するので黄属性のキャラは有利に戦うこともできるぞ!\n\n【コマ効果情報】\n攻撃DOWNコマが登場するぞ!\n特性で攻撃DOWNコマ無効化を持っているキャラを編成しよう!
e,202509010,event_kai1_charaget02_00007_ja,event_kai1_charaget02_00007,ja,必殺ワザで攻撃DOWN効果やスタン状態を付与してみよう!,【属性情報】\n青属性の敵が登場するので黄属性のキャラは有利に戦うこともできるぞ!\n\n隠された英雄の姿 怪獣８号の攻撃はとても強力だぞ!\n必殺ワザで攻撃DOWN効果やスタン状態を付与してみよう!
e,202509010,event_kai1_charaget02_00008_ja,event_kai1_charaget02_00008,ja,必殺ワザで攻撃DOWN効果やスタン状態を付与してみよう!,【属性情報】\n青属性の敵が登場するので黄属性のキャラは有利に戦うこともできるぞ!\n\n隠された英雄の姿 怪獣８号の攻撃はとても強力だぞ!\n必殺ワザで攻撃DOWN効果やスタン状態を付与してみよう!
e,202509010,event_kai1_challenge01_00001_ja,event_kai1_challenge01_00001,ja,緑属性のキャラを編成してみよう!,【属性情報】\n黄属性の敵が登場するので緑属性のキャラは有利に戦うこともできるぞ!\n\nまた、このステージではスピードアタックルールがあるぞ!\n早くクリアすると報酬ゲット!
e,202509010,event_kai1_challenge01_00002_ja,event_kai1_challenge01_00002,ja,黄属性や緑属性のキャラを編成してみよう!,【属性情報】\n青属性の敵が登場するので黄属性のキャラは有利に戦うこともできるぞ!\n黄属性の敵が登場するので緑属性のキャラは有利に戦うこともできるぞ!\n\nまた、このステージではスピードアタックルールがあるぞ!\n早くクリアすると報酬ゲット!
e,202509010,event_kai1_challenge01_00003_ja,event_kai1_challenge01_00003,ja,スタン耐性特性を持っているキャラを編成してみよう!,【属性情報】\n赤属性の敵が登場するので青属性のキャラは有利に戦うこともできるぞ!\n\n【ギミック情報】\nスタン攻撃をしてくる敵が登場するぞ!\n特性でスタン耐性を持っているキャラを編成しよう!\n\nまた、このステージではスピードアタックルールがあるぞ!\n早くクリアすると報酬ゲット!
e,202509010,event_kai1_challenge01_00004_ja,event_kai1_challenge01_00004,ja,スタン耐性特性を持っているキャラを編成してみよう!,【属性情報】\n赤属性の敵が登場するので青属性のキャラは有利に戦うこともできるぞ!\n\n【ギミック情報】\nスタン攻撃をしてくる敵が登場するぞ!\n特性でスタン耐性を持っているキャラを編成しよう!\n\nまた、このステージではスピードアタックルールがあるぞ!\n早くクリアすると報酬ゲット!
e,202509010,event_kai1_savage_00001_ja,event_kai1_savage_00001,ja,攻撃DOWNコマ無効化特性のキャラを編成してみよう!,【属性情報】\n赤属性の敵が登場するので青属性のキャラは有利に戦うこともできるぞ!\n\n【コマ効果情報】\n攻撃DOWNコマが登場するぞ!\n特性で攻撃DOWNコマ無効化を持っているキャラを編成しよう!
e,202509010,event_kai1_savage_00002_ja,event_kai1_savage_00002,ja,スタン耐性特性を持っているキャラを編成してみよう!,【属性情報】\n赤属性の敵が登場するので青属性のキャラは有利に戦うこともできるぞ!\n\n【コマ効果情報】\n攻撃DOWNコマが登場するぞ!\n特性で攻撃DOWNコマ無効化を持っているキャラを編成しよう!\n\n【ギミック情報】\nスタン攻撃をしてくる敵が登場するぞ!\n特性でスタン耐性を持っているキャラを編成しよう!
e,202510010,event_spy1_1day_00001_ja,event_spy1_1day_00001,ja,キャラを召喚すると敵が動き始めるぞ!\n最初にリーダーpを貯めてからキャラを召喚してみよう!,【属性情報】\n無属性の『<黄昏> ロイド』が登場するぞ!\n\nこのステージでは、キャラを召喚すると『<黄昏> ロイド』が動き始めるぞ!\n\n毎日1回クエストをクリアして、「プリズム」をGETしよう!
e,202510010,event_spy1_charaget01_00001_ja,event_spy1_charaget01_00001,ja,キャラを強化してみよう!,【属性情報】\n無属性の『フランキー・フランクリン』が登場するぞ!\n\n強化したキャラで挑んでみよう!
e,202510010,event_spy1_charaget01_00002_ja,event_spy1_charaget01_00002,ja,緑属性のキャラを編成してみよう!,【属性情報】\n黄属性の敵が登場するので緑属性のキャラは有利に戦うこともできるぞ!
e,202510010,event_spy1_charaget01_00003_ja,event_spy1_charaget01_00003,ja,突風コマ無効特性のキャラを編成してみよう!,【属性情報】\n黄属性の敵が登場するので緑属性のキャラは有利に戦うこともできるぞ!\n\n【コマ効果情報】\n突風コマが登場するぞ!\n特性で突風コマ無効化を持っているキャラを編成しよう!
e,202510010,event_spy1_charaget01_00004_ja,event_spy1_charaget01_00004,ja,キャラを強化してみよう!,【属性情報】\n黄属性の敵が登場するので緑属性のキャラは有利に戦うこともできるぞ!\nさらに、無属性の敵も登場するぞ!\n\n【ギミック情報】\n攻撃DOWNをしてくる敵が登場するぞ!
e,202510010,event_spy1_charaget01_00005_ja,event_spy1_charaget01_00005,ja,キャラを強化してみよう!,【属性情報】\n黄属性の敵が登場するので緑属性のキャラは有利に戦うこともできるぞ!\nさらに、無属性の敵も登場するぞ!
e,202510010,event_spy1_charaget01_00006_ja,event_spy1_charaget01_00006,ja,キャラを強化してみよう!,【属性情報】\n黄属性の敵が登場するので緑属性のキャラは有利に戦うこともできるぞ!\nさらに、無属性の敵も登場するぞ!\n\n【ギミック情報】\n攻撃DOWNをしてくる敵が登場するぞ!
e,202510010,event_spy1_charaget01_00007_ja,event_spy1_charaget01_00007,ja,突風コマ無効特性のキャラを編成してみよう!,【属性情報】\n黄属性の敵が登場するので緑属性のキャラは有利に戦うこともできるぞ!\nさらに、無属性の敵も登場するぞ!\n\n【コマ効果情報】\n突風コマが登場するぞ!\n特性で突風コマ無効化を持っているキャラを編成しよう!\n\nこのステージでは、キャラを召喚すると1段目の『密輸組織の残党』が動き始めるぞ!
e,202510010,event_spy1_charaget01_00008_ja,event_spy1_charaget01_00008,ja,突風コマ無効特性のキャラを編成してみよう!,【属性情報】\n黄属性の敵が登場するので緑属性のキャラは有利に戦うこともできるぞ!\nさらに、無属性の敵も登場するぞ!\n\n【コマ効果情報】\n突風コマが登場するぞ!\n特性で突風コマ無効化を持っているキャラを編成しよう!
e,202510010,event_spy1_charaget02_00001_ja,event_spy1_charaget02_00001,ja,キャラを強化してみよう!,【属性情報】\n無属性の『<黄昏> ロイド』が登場するぞ!\n\n強化したキャラで挑んでみよう!
e,202510010,event_spy1_charaget02_00002_ja,event_spy1_charaget02_00002,ja,キャラを強化してみよう!,【属性情報】\n赤属性の敵が登場するので青属性のキャラは有利に戦うこともできるぞ!\nさらに、無属性の敵も登場するぞ!
e,202510010,event_spy1_charaget02_00003_ja,event_spy1_charaget02_00003,ja,キャラを強化してみよう!,【属性情報】\n赤属性の敵が登場するので青属性のキャラは有利に戦うこともできるぞ!\nさらに、無属性の敵も登場するぞ!\n\n【コマ効果情報】\n攻撃UPコマが登場するぞ!\n特性で攻撃UPコマ効果UPを持っているキャラを編成しよう!
e,202510010,event_spy1_charaget02_00004_ja,event_spy1_charaget02_00004,ja,キャラを強化してみよう!,【属性情報】\n赤属性の敵が登場するので青属性のキャラは有利に戦うこともできるぞ!\nさらに、無属性の敵も登場するぞ!\n\n【コマ効果情報】\n攻撃UPコマが登場するぞ!\n特性で攻撃UPコマ効果UPを持っているキャラを編成しよう!
e,202510010,event_spy1_charaget02_00005_ja,event_spy1_charaget02_00005,ja,突風コマ無効特性のキャラを編成してみよう!,【属性情報】\n赤属性の敵が登場するので青属性のキャラは有利に戦うこともできるぞ!\n\n【コマ効果情報】\n攻撃UPコマや突風コマが登場するぞ!\n特性で突風コマ無効化を持っているキャラや\n特性で攻撃UPコマ効果UPを持っているキャラを編成しよう!
e,202510010,event_spy1_charaget02_00006_ja,event_spy1_charaget02_00006,ja,キャラを強化してみよう!,【属性情報】\n赤属性の敵が登場するので青属性のキャラは有利に戦うこともできるぞ!
e,202510010,event_spy1_charaget02_00007_ja,event_spy1_charaget02_00007,ja,ノックバック無効のキャラを編成してみよう!,【属性情報】\n赤属性の敵が登場するので青属性のキャラは有利に戦うこともできるぞ!\nさらに、無属性の敵も登場するぞ!\n\n【ギミック情報】\nノックバック攻撃をしてくる敵が登場するぞ!\n特性でノックバック無効化を持っているキャラを編成しよう!
e,202510010,event_spy1_charaget02_00008_ja,event_spy1_charaget02_00008,ja,ノックバック無効のキャラを編成してみよう!,【属性情報】\n赤属性の敵が登場するので青属性のキャラは有利に戦うこともできるぞ!\nさらに、無属性の敵も登場するぞ!\n\n【コマ効果情報】\n攻撃UPコマが登場するぞ!\n特性で攻撃UPコマ効果UPを持っているキャラを編成しよう!\n\n【ギミック情報】\nノックバック攻撃をしてくる敵が登場するぞ!\n特性でノックバック無効化を持っているキャラを編成しよう!
e,202510010,event_spy1_challenge01_00001_ja,event_spy1_challenge01_00001,ja,攻撃UPコマで戦うことを意識してみよう!,【属性情報】\n緑属性の敵が登場するので赤属性のキャラは有利に戦うこともできるぞ!\n\n【コマ効果情報】\n攻撃UPコマが登場するぞ!\n攻撃UPコマで戦うことを意識しよう!\n\n【ギミック情報】\nノックバック攻撃をしてくる敵が登場するぞ!\n特性でノックバック無効化を持っているキャラを編成しよう!\n\nまた、このステージではスピードアタックルールがあるぞ!\n早くクリアすると報酬ゲット!
e,202510010,event_spy1_challenge01_00002_ja,event_spy1_challenge01_00002,ja,特性で突風コマ無効化を持っているキャラを編成してみよう!,【属性情報】\n赤属性の敵が登場するので青属性のキャラは有利に戦うこともできるぞ!\n\n【コマ効果情報】\n突風コマが登場するぞ!\n特性で突風コマ無効化を持っているキャラを編成しよう!\n\nまた、このステージではスピードアタックルールがあるぞ!\n早くクリアすると報酬ゲット!
e,202510010,event_spy1_challenge01_00003_ja,event_spy1_challenge01_00003,ja,特性で突風コマ無効化を持っているキャラを編成してみよう!,【属性情報】\n黄属性の敵が登場するので緑属性のキャラは有利に戦うこともできるぞ!\n\n【コマ効果情報】\n突風コマが登場するぞ!\n特性で突風コマ無効化を持っているキャラを編成しよう!\n\nまた、このステージではスピードアタックルールがあるぞ!\n早くクリアすると報酬ゲット!
e,202510010,event_spy1_challenge01_00004_ja,event_spy1_challenge01_00004,ja,範囲攻撃が得意なキャラを編成してみよう!,【属性情報】\n青属性の敵が登場するので黄属性のキャラは有利に戦うこともできるぞ!\n\nまた、このステージではスピードアタックルールがあるぞ!\n早くクリアすると報酬ゲット!
e,202510010,event_spy1_savage_00001_ja,event_spy1_savage_00001,ja,リーダーP速度とリーダーP獲得量のゲート強化をしてみよう!,【属性情報】\n青属性の敵が登場するので黄属性のキャラは有利に戦うこともできるぞ!\n\n【ギミック情報】\nノックバック攻撃をしてくる敵が登場するぞ!\n特性でノックバック無効化を持っているキャラを編成しよう!\n\nまた、このステージではスピードアタックルールがあるぞ!\n早くクリアすると報酬ゲット!
e,202510010,event_spy1_savage_00002_ja,event_spy1_savage_00002,ja,暗闇コマの中には強敵が待ち受けてるぞ!ディフェンスキャラで前線を維持することを意識してみよう!,【属性情報】\n赤属性の敵が登場するので青属性のキャラは有利に戦うこともできるぞ!\nさらに、無属性の敵も登場するぞ!\n\n【コマ効果情報】\n暗闇コマが登場するぞ!\n\n【ギミック情報】\nノックバック攻撃をしてくる敵が登場するぞ!\n特性でノックバック無効化を持っているキャラを編成しよう!\n\nまた、このステージではスピードアタックルールがあるぞ!\n早くクリアすると報酬ゲット!
e,202510010,raid_spy1_00001_ja,raid_spy1_00001,ja,"",このステージは、4段で構成されているぞ!\n敵を多く倒して、スコアを稼ごう!
e,202510020,event_dan1_1day_00001_ja,event_dan1_1day_00001,ja,キャラを召喚すると敵が動き始めるぞ!\n最初にリーダーPを貯めてからキャラを召喚してみよう!,【属性情報】\n無属性の『オカルン』が登場するぞ!\n\nこのステージでは、キャラを召喚すると『オカルン』が動き始めるぞ!\n\n毎日1回クエストをクリアして、「プリズム」をGETしよう!
e,202510020,event_dan1_charaget01_00001_ja,event_dan1_charaget01_00001,ja,キャラを強化してみよう!,【属性情報】\n無属性の『オカルン』が登場するぞ!\n\n強化したキャラで挑んでみよう!
e,202510020,event_dan1_charaget01_00002_ja,event_dan1_charaget01_00002,ja,黄属性のキャラを編成してみよう!,【属性情報】\n青属性の敵が登場するので黄属性のキャラは有利に戦うこともできるぞ!
e,202510020,event_dan1_charaget01_00003_ja,event_dan1_charaget01_00003,ja,黄属性のキャラを編成してみよう!,【属性情報】\n青属性の敵が登場するので黄属性のキャラは有利に戦うこともできるぞ!
e,202510020,event_dan1_charaget01_00004_ja,event_dan1_charaget01_00004,ja,キャラを強化してみよう!,【属性情報】\n青属性の敵が登場するので黄属性のキャラは有利に戦うこともできるぞ!\nさらに、無属性の敵も登場するぞ!
e,202510020,event_dan1_charaget01_00005_ja,event_dan1_charaget01_00005,ja,黄属性のキャラを編成してみよう!,【属性情報】\n青属性の敵が登場するので黄属性のキャラは有利に戦うこともできるぞ!
e,202510020,event_dan1_charaget01_00006_ja,event_dan1_charaget01_00006,ja,キャラを召喚すると敵が召喚されるぞ!\n最初にリーダーPを貯めてからキャラを召喚してみよう!,【属性情報】\n青属性の敵が登場するので黄属性のキャラは有利に戦うこともできるぞ!\n\n【ギミック情報】\n氷結攻撃をしてくる敵が登場するぞ!\n特性で氷結無効化を持っているキャラを編成しよう!
e,202510020,event_dan1_charaget01_00007_ja,event_dan1_charaget01_00007,ja,氷結耐性を持っているキャラを編成してみよう!,【属性情報】\n青属性の敵が登場するので黄属性のキャラは有利に戦うこともできるぞ!\n\n【ギミック情報】\n氷結攻撃をしてくる敵が登場するぞ!\n特性で氷結無効化を持っているキャラを編成しよう!
e,202510020,event_dan1_charaget01_00008_ja,event_dan1_charaget01_00008,ja,黄属性のキャラを編成してみよう!,【属性情報】\n青属性の敵が登場するので黄属性のキャラは有利に戦うこともできるぞ!\n\n【ギミック情報】\n氷結攻撃をしてくる敵が登場するぞ!\n特性で氷結無効化を持っているキャラを編成しよう!\n\nこのステージは『ターボババアの霊力 オカルン』が登場している時は、ファントムゲートHPは削れないぞ!
e,202510020,event_dan1_charaget02_00001_ja,event_dan1_charaget02_00001,ja,キャラを強化してみよう!,【属性情報】\n無属性の『アイラ』が登場するぞ!\n\n強化したキャラで挑んでみよう!
e,202510020,event_dan1_charaget02_00002_ja,event_dan1_charaget02_00002,ja,青属性のキャラを編成してみよう!,【属性情報】\n赤属性の敵が登場するので青属性のキャラは有利に戦うこともできるぞ!
e,202510020,event_dan1_charaget02_00003_ja,event_dan1_charaget02_00003,ja,青属性のキャラを編成してみよう!,【属性情報】\n赤属性の敵が登場するので青属性のキャラは有利に戦うこともできるぞ!
e,202510020,event_dan1_charaget02_00004_ja,event_dan1_charaget02_00004,ja,青属性のキャラを編成してみよう!,【属性情報】\n赤属性の敵が登場するので青属性のキャラは有利に戦うこともできるぞ!
e,202510020,event_dan1_charaget02_00005_ja,event_dan1_charaget02_00005,ja,突風コマ無効のキャラを編成してみよう!,【属性情報】\n無属性の敵が登場するぞ!\n\n【コマ効果情報】\n突風コマが登場するぞ!\n特性で突風コマ無効化を持っているキャラを編成しよう!
e,202510020,event_dan1_charaget02_00006_ja,event_dan1_charaget02_00006,ja,突風コマ無効のキャラを編成してみよう!,【属性情報】\n青属性の敵が登場するので黄属性のキャラは有利に戦うこともできるぞ!\n\n【コマ効果情報】\n突風コマが登場するぞ!\n特性で突風コマ無効化を持っているキャラを編成しよう!
e,202510020,event_dan1_charaget02_00007_ja,event_dan1_charaget02_00007,ja,突風コマ無効のキャラを編成してみよう!,【属性情報】\n青属性の敵が登場するので黄属性のキャラは有利に戦うこともできるぞ!\n\n【コマ効果情報】\n突風コマが登場するぞ!\n特性で突風コマ無効化を持っているキャラを編成しよう!
e,202510020,event_dan1_charaget02_00008_ja,event_dan1_charaget02_00008,ja,ノックバック無効のキャラを編成してみよう!,【属性情報】\n青属性の敵が登場するので黄属性のキャラは有利に戦うこともできるぞ!\n\n【ギミック情報】\nノックバック攻撃をしてくる敵が登場するぞ!\n特性でノックバック無効化を持っているキャラを編成しよう!
e,202510020,event_dan1_challenge01_00001_ja,event_dan1_challenge01_00001,ja,黄属性のキャラを編成してみよう!,【属性情報】\n青属性の敵が登場するので黄属性のキャラは有利に戦うこともできるぞ!\n\nまた、このステージではスピードアタックルールがあるぞ!\n早くクリアすると報酬ゲット!
e,202510020,event_dan1_challenge01_00002_ja,event_dan1_challenge01_00002,ja,赤属性のキャラを編成してみよう!,【属性情報】\n緑属性の敵が登場するので赤属性のキャラは有利に戦うこともできるぞ!\n\nまた、このステージではスピードアタックルールがあるぞ!\n早くクリアすると報酬ゲット!
e,202510020,event_dan1_challenge01_00003_ja,event_dan1_challenge01_00003,ja,攻撃DOWNコマ無効を持っているキャラを強化して編成してみよう!,【属性情報】\n黄属性の敵が登場するので緑属性のキャラは有利に戦うこともできるぞ!\n\n【コマ効果情報】\n攻撃DOWNコマが登場するぞ!\n特性で攻撃DOWNコマ無効化を持っているキャラを編成しよう!\n\nまた、このステージではスピードアタックルールがあるぞ!\n早くクリアすると報酬ゲット!
e,202510020,event_dan1_challenge01_00004_ja,event_dan1_challenge01_00004,ja,突風コマ無効のキャラを編成してみよう!,【属性情報】\n赤属性の敵が登場するので青属性のキャラは有利に戦うこともできるぞ!\n\n【コマ効果情報】\n突風コマが登場するぞ!\n特性で突風コマ無効化を持っているキャラを編成しよう!\n\nまた、このステージではスピードアタックルールがあるぞ!\n早くクリアすると報酬ゲット!
e,202510020,event_dan1_savage_00001_ja,event_dan1_savage_00001,ja,各種ゲートLvを強化してみよう!,【属性情報】\n赤属性の敵が登場するので青属性のキャラは有利に戦うこともできるぞ!\n\n【コマ効果情報】\n突風コマが登場するぞ!\n特性で突風コマ無効化を持っているキャラを編成しよう!\n\nまた、このステージではスピードアタックルールがあるぞ!\n早くクリアすると報酬ゲット!
e,202510020,event_dan1_savage_00002_ja,event_dan1_savage_00002,ja,攻撃DOWNコマ無効を持っているキャラを強化して編成してみよう!,【属性情報】\n黄属性の敵が登場するので緑属性のキャラは有利に戦うこともできるぞ!\n\n【コマ効果情報】\n攻撃DOWNコマが登場するぞ!\n特性で攻撃DOWNコマ無効化を持っているキャラを編成しよう!\n\nこのステージでは、「ターボババアの霊力 オカルン」が登場している時は、\nファントムゲートHPは削れないぞ!\n\nまた、このステージではスピードアタックルールがあるぞ!\n早くクリアすると報酬ゲット!
e,202510020,raid_dan1_00001_ja,raid_dan1_00001,ja,"",このステージは、4段で構成されているぞ!\n\n【コマ効果情報】\n攻撃DOWNコマが登場するぞ!\n特性で攻撃DOWNコマ無効化を持っているキャラを編成しよう!\n\n敵を多く倒して、スコアを稼ごう!
e,202511010,event_mag1_1day_00001_ja,event_mag1_1day_00001,ja,キャラを強化してみよう!,【属性情報】\n無属性の敵が登場するぞ!\n\n毎日1回クエストをクリアして、「プリズム」をGETしよう!                                                                                                                                                                                                                                                                                                                                        
e,202511010,event_mag1_charaget01_00001_ja,event_mag1_charaget01_00001,ja,キャラを強化してみよう!,【属性情報】\n無属性の敵が登場するぞ!
e,202511010,event_mag1_charaget01_00002_ja,event_mag1_charaget01_00002,ja,緑属性のキャラを編成してみよう!,【属性情報】\n黄属性の敵が登場するので緑属性のキャラは有利に戦うこともできるぞ!
e,202511010,event_mag1_charaget01_00003_ja,event_mag1_charaget01_00003,ja,ファントムゲートを攻撃すると、強敵が登場するぞ!\n強敵登場に向けてディフェンスキャラを召喚してみよう!,【属性情報】\n黄属性の敵が登場するので緑属性のキャラは有利に戦うこともできるぞ!\nさらに、無属性の敵も登場するぞ!
e,202511010,event_mag1_charaget01_00004_ja,event_mag1_charaget01_00004,ja,緑属性のキャラを編成してみよう!,【属性情報】\n黄属性の敵が登場するので緑属性のキャラは有利に戦うこともできるぞ!\nさらに、無属性の敵も登場するぞ!
e,202511010,event_mag1_charaget01_00005_ja,event_mag1_charaget01_00005,ja,緑属性のキャラを強化して編成してみよう!,【属性情報】\n黄属性の敵が登場するので緑属性のキャラは有利に戦うこともできるぞ!
e,202511010,event_mag1_charaget01_00006_ja,event_mag1_charaget01_00006,ja,攻撃DOWNコマ無効を持っているキャラを強化して編成してみよう!,【属性情報】\n黄属性の敵が登場するので緑属性のキャラは有利に戦うこともできるぞ!\n\n【コマ効果情報】\n攻撃DOWNコマが登場するぞ!\n特性で攻撃DOWNコマ無効化を持っているキャラを編成しよう!
e,202511010,event_mag1_charaget01_00007_ja,event_mag1_charaget01_00007,ja,ダメージコマ無効を持っているキャラを強化して編成してみよう!,【属性情報】\n黄属性の敵が登場するので緑属性のキャラは有利に戦うこともできるぞ!\n\n【コマ効果情報】\nダメージコマが登場するぞ!\n特性でダメージコマ無効化を持っているキャラを編成しよう!
e,202511010,event_mag1_charaget01_00008_ja,event_mag1_charaget01_00008,ja,毒コマ無効を持っているキャラを強化して編成してみよう!,【属性情報】\n黄属性の敵が登場するので緑属性のキャラは有利に戦うこともできるぞ!\n\n【コマ効果情報】\n毒コマが登場するぞ!\n特性で毒ダメージ軽減を持っているキャラを編成しよう!
e,202511010,event_mag1_charaget02_00001_ja,event_mag1_charaget02_00001,ja,キャラを強化してみよう!,【属性情報】\n無属性の敵が登場するぞ!
e,202511010,event_mag1_charaget02_00002_ja,event_mag1_charaget02_00002,ja,赤属性のキャラを編成してみよう!,【属性情報】\n緑属性の敵が登場するので赤属性のキャラは有利に戦うこともできるぞ!
e,202511010,event_mag1_charaget02_00003_ja,event_mag1_charaget02_00003,ja,赤属性のキャラを編成してみよう!,【属性情報】\n緑属性の敵が登場するので赤属性のキャラは有利に戦うこともできるぞ!\nさらに、無属性の敵も登場するぞ!
e,202511010,event_mag1_charaget02_00004_ja,event_mag1_charaget02_00004,ja,赤属性のキャラを編成してみよう!,【属性情報】\n緑属性の敵が登場するので赤属性のキャラは有利に戦うこともできるぞ!
e,202511010,event_mag1_charaget02_00005_ja,event_mag1_charaget02_00005,ja,スタン攻撃無効化を持っているキャラを強化して編成してみよう!,【属性情報】\n緑属性の敵が登場するので赤属性のキャラは有利に戦うこともできるぞ!\n\n【ギミック情報】\nスタン攻撃をしてくる敵が登場するぞ!\n特性でスタン攻撃無効化を持っているキャラを編成しよう!
e,202511010,event_mag1_charaget02_00006_ja,event_mag1_charaget02_00006,ja,ノックバック無効化を持っているキャラを強化して編成してみよう!,【属性情報】\n緑属性の敵が登場するので赤属性のキャラは有利に戦うこともできるぞ!\nさらに、無属性の敵も登場するぞ!\n\n【ギミック情報】\nノックバック攻撃をしてくる敵が登場するぞ!\n特性でノックバック無効化を持っているキャラを編成しよう!
e,202511010,event_mag1_charaget02_00007_ja,event_mag1_charaget02_00007,ja,攻撃DOWNコマ無効を持っているキャラを強化して編成してみよう!,【属性情報】\n緑属性の敵が登場するので赤属性のキャラは有利に戦うこともできるぞ!
e,202511010,event_mag1_charaget02_00008_ja,event_mag1_charaget02_00008,ja,スタン攻撃無効化を持っているキャラを強化して編成してみよう!,【属性情報】\n緑属性の敵が登場するので赤属性のキャラは有利に戦うこともできるぞ!\n\n【ギミック情報】\nスタン攻撃をしてくる敵が登場するぞ!\n特性でスタン攻撃無効化を持っているキャラを編成しよう!
e,202511010,event_mag1_challenge01_00001_ja,event_mag1_challenge01_00001,ja,氷結攻撃をしてくる敵が登場するぞ!氷結攻撃無効のキャラを編成してみよう!,【属性情報】\n青属性の敵が登場するので黄属性のキャラは有利に戦うこともできるぞ!\n\n【ギミック情報】\n氷結攻撃をしてくる敵が登場するぞ!\n特性で氷結無効化を持っているキャラを編成しよう!\n\nまた、このステージではスピードアタックルールがあるぞ!\n早くクリアすると報酬ゲット!
e,202511010,event_mag1_challenge01_00002_ja,event_mag1_challenge01_00002,ja,青属性のキャラを編成してみよう!,【属性情報】\n赤属性の敵が登場するので青属性のキャラは有利に戦うこともできるぞ!\n\n【コマ効果情報】\n攻撃DOWNコマが登場するぞ!\n特性で攻撃DOWNコマ無効化を持っているキャラを編成しよう!\n\nまた、このステージではスピードアタックルールがあるぞ!\n早くクリアすると報酬ゲット!
e,202511010,event_mag1_challenge01_00003_ja,event_mag1_challenge01_00003,ja,氷結攻撃をしてくる敵が登場するぞ!氷結攻撃無効のキャラを編成してみよう!,【属性情報】\n黄属性の敵が登場するので緑属性のキャラは有利に戦うこともできるぞ!\n\n【ギミック情報】\n氷結攻撃をしてくる敵が登場するぞ!\n特性で氷結無効化を持っているキャラを編成しよう!\n\nまた、このステージではスピードアタックルールがあるぞ!\n早くクリアすると報酬ゲット!
e,202511010,event_mag1_challenge01_00004_ja,event_mag1_challenge01_00004,ja,赤属性のキャラを編成してみよう!,【属性情報】\n緑属性の敵が登場するので赤属性のキャラは有利に戦うこともできるぞ!\n\n【コマ効果情報】\n攻撃DOWNコマが登場するぞ!\n特性で攻撃DOWNコマ無効化を持っているキャラを編成しよう!\n\n【ギミック情報】\nこのステージで登場する『建造物寄生型の怪異（大）』はノックバック無効化の特性を持っているぞ!\n\nまた、このステージではスピードアタックルールがあるぞ!\n早くクリアすると報酬ゲット!
e,202511010,event_mag1_savage_00001_ja,event_mag1_savage_00001,ja,青属性のアタックキャラと緑属性のディフェンスキャラを編成してみよう!,【属性情報】\n赤属性の敵が登場するので青属性のキャラは有利に戦うこともできるぞ!\n黄属性の敵が登場するので緑属性のキャラは有利に戦うこともできるぞ!\n\n【コマ効果情報】\nダメージコマが登場するぞ!\n特性でダメージコマ無効化を持っているキャラを編成しよう!\n\n【ギミック情報】\nこのステージで登場する『建造物寄生型の怪異（大）』はノックバック無効化の特性を持っているぞ!\n\nまた、このステージではスピードアタックルールがあるぞ!\n早くクリアすると報酬ゲット!
e,202511010,event_mag1_savage_00002_ja,event_mag1_savage_00002,ja,赤属性のアタックキャラと緑属性のディフェンスキャラを編成してみよう!,【属性情報】\n黄属性の敵が登場するので緑属性のキャラは有利に戦うこともできるぞ!\n緑属性の敵が登場するので赤属性のキャラは有利に戦うこともできるぞ!\n\n【ギミック情報】\nこのステージは、マンホールから『建造物寄生型の怪異』が登場するぞ!\n盤面全体に注意して戦おう!\n\nまた、このステージではスピードアタックルールがあるぞ!\n早くクリアすると報酬ゲット!
e,202511010,event_mag1_savage_00003_ja,event_mag1_savage_00003,ja,キャラを出すタイミングを見極めてみよう!,【属性情報】\n黄属性の敵が登場するので緑属性のキャラは有利に戦うこともできるぞ!\n緑属性の敵が登場するので赤属性のキャラは有利に戦うこともできるぞ!\n\n【ギミック情報】\nこのステージは、マンホールから『建造物寄生型の怪異』が登場するぞ!\n盤面全体に注意して戦おう!\n\nまた、このステージでは特別ルールがあるぞ!
e,202511010,raid_mag1_00001_ja,raid_mag1_00001,ja,"",このステージは、4段で構成されているぞ!\n\n【ギミック情報】\nノックバック攻撃、氷結攻撃をしてくる敵が登場するぞ!\n特性でノックバック無効化や、氷結攻撃無効化を持っているキャラを編成しよう!\n\n無、青属性の『つらら』はノックバック攻撃を、\n赤、黄、緑属性の『つらら』は氷結攻撃をしてくるぞ!\n\n敵を多く倒して、スコアを稼ごう!
e,202511020,event_yuw1_1day_00001_ja,event_yuw1_1day_00001,ja,キャラを強化してみよう!,【属性情報】\n無属性の『奥村 正宗』が登場するぞ!\nさらに、『リリエルに捧ぐ愛 天乃 リリサ』も登場するぞ!\n\n毎日1回クエストをクリアして、「プリズム」をGETしよう!                                                                                                                                                                                                                                                                                                                                        
e,202511020,event_yuw1_charaget01_00001_ja,event_yuw1_charaget01_00001,ja,キャラを強化してみよう!,【属性情報】\n無属性の『奥村 正宗』が登場するぞ!
e,202511020,event_yuw1_charaget01_00002_ja,event_yuw1_charaget01_00002,ja,赤属性のキャラを編成してみよう!,【属性情報】\n緑属性の敵が登場するので赤属性のキャラは有利に戦うこともできるぞ!
e,202511020,event_yuw1_charaget01_00003_ja,event_yuw1_charaget01_00003,ja,赤属性のキャラを編成してみよう!,【属性情報】\n緑属性の敵が登場するので赤属性のキャラは有利に戦うこともできるぞ!
e,202511020,event_yuw1_charaget01_00004_ja,event_yuw1_charaget01_00004,ja,ノックバック無効キャラを編成してみよう!,【属性情報】\n緑属性の敵が登場するので赤属性のキャラは有利に戦うこともできるぞ!\n\n【ギミック情報】\nノックバック攻撃をしてくる敵が登場するぞ!\n特性でノックバック無効化を持っているキャラを編成しよう!
e,202511020,event_yuw1_charaget01_00005_ja,event_yuw1_charaget01_00005,ja,赤属性のキャラを編成してみよう!,【属性情報】\n緑属性の敵が登場するので赤属性のキャラは有利に戦うこともできるぞ!\n\nこのステージでは、『羽生 まゆり』が登場している時は、\nファントムゲートHPは削れないぞ!
e,202511020,event_yuw1_charaget01_00006_ja,event_yuw1_charaget01_00006,ja,赤属性のキャラを編成してみよう!,【属性情報】\n緑属性の敵が登場するので赤属性のキャラは有利に戦うこともできるぞ!
e,202511020,event_yuw1_charaget01_00007_ja,event_yuw1_charaget01_00007,ja,赤属性のキャラを編成してみよう!,【属性情報】\n緑属性の敵が登場するので赤属性のキャラは有利に戦うこともできるぞ!
e,202511020,event_yuw1_charaget01_00008_ja,event_yuw1_charaget01_00008,ja,ダメージコマ無効キャラを編成してみよう!,【属性情報】\n緑属性の敵が登場するので赤属性のキャラは有利に戦うこともできるぞ!\n\n【コマ効果情報】\nダメージコマが登場するぞ!\n特性でダメージコマ無効化を持っているキャラを編成しよう!
e,202511020,event_yuw1_charaget02_00001_ja,event_yuw1_charaget02_00001,ja,キャラを強化してみよう!,【属性情報】\n無属性の『勇気を纏うコスプレ 乃愛』が登場するぞ!
e,202511020,event_yuw1_charaget02_00002_ja,event_yuw1_charaget02_00002,ja,黄属性のキャラを編成してみよう!,【属性情報】\n青属性の敵が登場するので黄属性のキャラは有利に戦うこともできるぞ!
e,202511020,event_yuw1_charaget02_00003_ja,event_yuw1_charaget02_00003,ja,黄属性のキャラを編成してみよう!,【属性情報】\n青属性の敵が登場するので黄属性のキャラは有利に戦うこともできるぞ!
e,202511020,event_yuw1_charaget02_00004_ja,event_yuw1_charaget02_00004,ja,黄属性のキャラを編成してみよう!,【属性情報】\n青属性の敵が登場するので黄属性のキャラは有利に戦うこともできるぞ!
e,202511020,event_yuw1_charaget02_00005_ja,event_yuw1_charaget02_00005,ja,黄属性のキャラを編成してみよう!,【属性情報】\n青属性の敵が登場するので黄属性のキャラは有利に戦うこともできるぞ!
e,202511020,event_yuw1_charaget02_00006_ja,event_yuw1_charaget02_00006,ja,攻撃DOWNコマ無効を持っているキャラを強化して編成してみよう!,【属性情報】\n青属性の敵が登場するので黄属性のキャラは有利に戦うこともできるぞ!\n\n【コマ効果情報】\n攻撃DOWNコマが登場するぞ!\n特性で攻撃DOWNコマ無効化を持っているキャラを編成しよう!
e,202511020,event_yuw1_charaget02_00007_ja,event_yuw1_charaget02_00007,ja,黄属性のキャラを編成してみよう!,【属性情報】\n青属性の敵が登場するので黄属性のキャラは有利に戦うこともできるぞ!
e,202511020,event_yuw1_charaget02_00008_ja,event_yuw1_charaget02_00008,ja,ダメージコマ無効を持っているキャラを強化して編成してみよう!,【属性情報】\n青属性の敵が登場するので黄属性のキャラは有利に戦うこともできるぞ!\n\n【コマ効果情報】\nダメージコマが登場するぞ!\n特性でダメージコマ無効化を持っているキャラを編成しよう!
e,202511020,event_yuw1_challenge01_00001_ja,event_yuw1_challenge01_00001,ja,黄属性のキャラを編成してみよう!,【属性情報】\n青属性の敵が登場するので黄属性のキャラは有利に戦うこともできるぞ!\n\nまた、このステージではスピードアタックルールがあるぞ!\n早くクリアすると報酬ゲット!
e,202511020,event_yuw1_challenge01_00002_ja,event_yuw1_challenge01_00002,ja,ノックバック無効キャラを編成してみよう!,【属性情報】\n赤属性の敵が登場するので青属性のキャラは有利に戦うこともできるぞ!\n\n【ギミック情報】\nノックバック攻撃をしてくる敵が登場するぞ!\n特性でノックバック無効化を持っているキャラを編成しよう!\n\nまた、このステージではスピードアタックルールがあるぞ!\n早くクリアすると報酬ゲット!
e,202511020,event_yuw1_challenge01_00003_ja,event_yuw1_challenge01_00003,ja,火傷ダメージ軽減キャラを編成してみよう!,【属性情報】\n赤属性の敵が登場するので青属性のキャラは有利に戦うこともできるぞ!\n\n【ギミック情報】\n火傷攻撃をしてくる敵が登場するぞ!\n特性で火傷ダメージ軽減を持っているキャラを編成しよう!\n\nこのステージでは、『コスプレに託す乙女心 橘 美花莉』が登場している時は、\nファントムゲートHPは削れないぞ!\n\nまた、このステージではスピードアタックルールがあるぞ!\n早くクリアすると報酬ゲット!
e,202511020,event_yuw1_challenge01_00004_ja,event_yuw1_challenge01_00004,ja,赤属性のキャラを編成してみよう!,【属性情報】\n緑属性の敵が登場するので赤属性のキャラは有利に戦うこともできるぞ!\n\nこのステージでは、敵が登場している時は、\nファントムゲートHPは削れないぞ!\n\nまた、このステージではスピードアタックルールがあるぞ!\n早くクリアすると報酬ゲット!
e,202511020,event_yuw1_savage_00001_ja,event_yuw1_savage_00001,ja,火傷ダメージ軽減キャラを編成してみよう!,【属性情報】 \n赤属性の敵が登場するので青属性のキャラは有利に戦うこともできるぞ!\nさらに、無属性の敵も登場するぞ! \n\n【ギミック情報】 \n火傷攻撃をしてくる敵が登場するぞ!\n特性で火傷ダメージ軽減を持っているキャラを編成しよう! \n\nまた、このステージではスピードアタックルールがあるぞ! \n早くクリアすると報酬ゲット!
e,202511020,event_yuw1_savage_00002_ja,event_yuw1_savage_00002,ja,攻撃DOWNコマ無効キャラを編成してみよう!,【属性情報】\n緑属性の敵が登場するので赤属性のキャラは有利に戦うこともできるぞ!\n\n【コマ効果情報】\n攻撃DOWNコマが登場するぞ!\n特性で攻撃DOWNコマ無効化を持っているキャラを編成しよう!\n\nまた、このステージではスピードアタックルールがあるぞ!\n早くクリアすると報酬ゲット!
e,202511020,event_yuw1_savage_00003_ja,event_yuw1_savage_00003,ja,各種ゲートLvを強化してみよう!,【属性情報】\n赤属性の敵が登場するので青属性のキャラは有利に戦うこともできるぞ!\n緑属性の敵が登場するので赤属性のキャラは有利に戦うこともできるぞ!\nさらに、無属性の敵も登場するぞ! \n\n【コマ効果情報】\n攻撃DOWNコマが登場するぞ!\n特性で攻撃DOWNコマ無効化を持っているキャラを編成しよう!\n\n【ギミック情報】 \n火傷攻撃をしてくる敵が登場するぞ!\n特性で火傷ダメージ軽減を持っているキャラを編成しよう! \n\nまた、このステージではスピードアタックルールがあるぞ!\n早くクリアすると報酬ゲット!
e,202511020,raid_yuw1_00001_ja,raid_yuw1_00001,ja,"",このステージは、4段で構成されているぞ!\n\n【ギミック情報】\n火傷攻撃をしてくる敵や敵自身の攻撃UPをしてくる敵、\n敵自身に被ダメージカットを付与する敵や\nノックバック無効化の特性を持つ敵が登場するぞ!\n特性で火傷ダメージ軽減を持っているキャラを編成しよう!\n\n無、赤属性の『ファントム』と、\n赤属性の『勇気を纏うコスプレ 乃愛』は\n火傷攻撃をしてくるぞ!\n\n敵を多く倒して、スコアを稼ごう!
e,202512015,event_yuw1_savage02_00001_ja,event_yuw1_savage02_00001,ja,キャラを強化してみよう!,【属性情報】\n黄属性の敵が登場するので緑属性のキャラは有利に戦うこともできるぞ!\n\n【ギミック情報】 \n特性で根性を持つ敵が登場するぞ!\n必殺ワザで連続攻撃をすることができるキャラを編成しよう!\nJUMBLE RUSHの発動をするタイミングも重要だ!\n\nまた、このステージではスピードアタックルールがあるぞ!\n早くクリアすると報酬ゲット!
e,202512015,event_yuw1_savage02_00002_ja,event_yuw1_savage02_00002,ja,各種ゲートLvを強化してみよう!,【属性情報】\n黄属性の敵が登場するので緑属性のキャラは有利に戦うこともできるぞ!\n\n【ギミック情報】 \n特性で根性を持つ敵が登場するぞ!\n必殺ワザで連続攻撃をすることができるキャラを編成しよう!\nJUMBLE RUSHの発動をするタイミングも重要だ!\nまた、体力を回復する敵も登場するので注意しよう!\n\nこのステージではスピードアタックルールがあるぞ!\n早くクリアすると報酬ゲット!
e,202512010,event_sur1_1day_00001_ja,event_sur1_1day_00001,ja,キャラを強化してみよう!,【属性情報】\n無属性の敵が登場するぞ!\n\n敵の数は多いが、それぞれのHPは少ないぞ！\n\n毎日1回クエストをクリアして、「プリズム」をGETしよう!                                                                                                                                                                                                                                                                                                                                        
e,202512010,event_sur1_charaget01_00001_ja,event_sur1_charaget01_00001,ja,キャラを強化してみよう!,【属性情報】\n青属性の敵が登場するので黄属性のキャラは有利に戦うこともできるぞ!\n\n【ギミック情報】\nファントムゲートHPを削ると『誇り高き魔都の剣姫 羽前 京香』が登場するぞ!\nファントムゲートのHPを削るタイミングに気をつけよう!\n被ダメージカットを付与する敵が登場するぞ!
e,202512010,event_sur1_charaget01_00002_ja,event_sur1_charaget01_00002,ja,黄属性のキャラを編成してみよう!,【属性情報】\n青属性の敵が登場するので黄属性のキャラは有利に戦うこともできるぞ!\n\n【ギミック情報】\nファントムゲートHPを削ると『無窮の鎖 和倉 優希』が登場するぞ!\nファントムゲートのHPを削るタイミングに気をつけよう!
e,202512010,event_sur1_charaget01_00003_ja,event_sur1_charaget01_00003,ja,黄属性のキャラを編成してみよう!,【属性情報】\n青属性の敵が登場するので黄属性のキャラは有利に戦うこともできるぞ!\n\n【コマ効果情報】\n毒コマが登場するぞ!\n特性で毒ダメージ軽減を持っているキャラを編成しよう!\n\n【ギミック情報】\n『駿河 朱々』はダメージを受けると移動を開始するぞ!\n被ダメージカットを付与する敵が登場するぞ!
e,202512010,event_sur1_charaget01_00004_ja,event_sur1_charaget01_00004,ja,黄属性のキャラを編成してみよう!,【属性情報】\n青属性の敵が登場するので黄属性のキャラは有利に戦うこともできるぞ!\n\n\n【ギミック情報】\n時間経過で、『無窮の鎖 和倉 優希』が登場するぞ!
e,202512010,event_sur1_charaget01_00005_ja,event_sur1_charaget01_00005,ja,黄属性のキャラを編成してみよう!,【属性情報】\n青属性の敵が登場するので黄属性のキャラは有利に戦うこともできるぞ!\n\n【ギミック情報】\n時間経過で、『東 日万凛』が登場するぞ!\n被ダメージカットを付与する敵が登場するぞ!
e,202512010,event_sur1_charaget01_00006_ja,event_sur1_charaget01_00006,ja,黄属性のキャラを編成してみよう!,【属性情報】\n青属性の敵が登場するので黄属性のキャラは有利に戦うこともできるぞ!\n\n【ギミック情報】\n時間経過で、『無窮の鎖 和倉 優希』が登場するぞ!
e,202512010,event_sur1_charaget01_00007_ja,event_sur1_charaget01_00007,ja,黄属性のキャラを編成してみよう!,【属性情報】\n青属性の敵が登場するので黄属性のキャラは有利に戦うこともできるぞ!\n\n【コマ効果情報】\n毒コマが登場するぞ!\n特性で毒ダメージ軽減を持っているキャラを編成しよう!\n\n【ギミック情報】\n時間経過で、『空間を操る六番組組長 出雲 天花』が登場するぞ!\n強敵の『空間を操る六番組組長 出雲 天花』は必殺ワザで強力な範囲攻撃をしてくるぞ!
e,202512010,event_sur1_charaget01_00008_ja,event_sur1_charaget01_00008,ja,黄属性のキャラを編成してみよう!,【属性情報】\n青属性の敵が登場するので黄属性のキャラは有利に戦うこともできるぞ!\n\n【コマ効果情報】\n毒コマが登場するぞ!\n特性で毒ダメージ軽減を持っているキャラを編成しよう!\n\n【ギミック情報】\n時間経過で、『無窮の鎖 和倉 優希』が登場するぞ!\n『空間を操る六番組組長 出雲 天花』は必殺ワザで強力な範囲攻撃をしてくるぞ!
e,202512010,event_sur1_challenge01_00001_ja,event_sur1_challenge01_00001,ja,毒ダメージ軽減のキャラを編成してみよう!,【属性情報】\n赤属性の敵が登場するので青属性のキャラは有利に戦うこともできるぞ!\nさらに、青属性の敵も登場するぞ! \n\n【コマ効果情報】\n毒コマが登場するぞ!\n特性で毒ダメージ軽減を持っているキャラを編成しよう!\n\n【ギミック情報】\n時間経過で、『駿河 朱々』が移動を開始するぞ!\n被ダメージカットを付与する敵が登場するぞ!\n\nまた、このステージではスピードアタックルールがあるぞ! \n早くクリアすると報酬ゲット!
e,202512010,event_sur1_challenge01_00002_ja,event_sur1_challenge01_00002,ja,毒ダメージ軽減のキャラを編成してみよう!,【属性情報】\n赤属性の敵が登場するので青属性のキャラは有利に戦うこともできるぞ!\nさらに、青属性の敵も登場するぞ! \n\n【コマ効果情報】\n毒コマが登場するぞ!\n特性で毒ダメージ軽減を持っているキャラを編成しよう!\n\n【ギミック情報】\n特定の敵を倒すと『東 日万凛』と『東 八千穂』が出現するぞ!\n\nまた、このステージではスピードアタックルールがあるぞ! \n早くクリアすると報酬ゲット!
e,202512010,event_sur1_challenge01_00003_ja,event_sur1_challenge01_00003,ja,毒ダメージ軽減のキャラを編成してみよう!,【属性情報】\n赤属性の敵が登場するので青属性のキャラは有利に戦うこともできるぞ!\nさらに、緑属性の敵も登場するぞ! \n\n【コマ効果情報】\n毒コマが登場するぞ!\n特性で毒ダメージ軽減を持っているキャラを編成しよう!\n\n【ギミック情報】\n味方がコマに侵入すると、『誇り高き魔都の剣姫 羽前 京香』が移動を開始するぞ!\n\nまた、このステージではスピードアタックルールがあるぞ! \n早くクリアすると報酬ゲット!
e,202512010,event_sur1_challenge01_00004_ja,event_sur1_challenge01_00004,ja,毒ダメージ軽減のキャラを編成してみよう!,【属性情報】\n赤属性の敵が登場するので青属性のキャラは有利に戦うこともできるぞ!\nさらに、黄属性の敵も登場するぞ! \n\n【コマ効果情報】\n毒コマが登場するぞ!\n特性で毒ダメージ軽減を持っているキャラを編成しよう!\n\n【ギミック情報】\n味方がコマに侵入すると、強敵の『空間を操る六番組組長 出雲 天花』が出現するぞ!\n強敵の『空間を操る六番組組長 出雲 天花』は必殺ワザで強力な範囲攻撃をしてくるぞ!\n\nまた、このステージではスピードアタックルールがあるぞ! \n早くクリアすると報酬ゲット!
e,202512010,event_sur1_savage_00001_ja,event_sur1_savage_00001,ja,毒ダメージ軽減のキャラを編成してみよう!,【属性情報】 \n黄属性の敵が登場するので緑属性のキャラは有利に戦うこともできるぞ!\nさらに、無属性の敵も登場するぞ! \n\n【ギミック情報】 \n毒攻撃をしてくる敵が登場するぞ!\n特性で毒ダメージ軽減を持っているキャラを編成しよう! \n\nこのステージでは、『誇り高き魔都の剣姫 羽前 京香』が登場している時は、\nファントムゲートHPは削れないぞ!                      \n\nまた、このステージではスピードアタックルールがあるぞ! \n早くクリアすると報酬ゲット!
e,202512010,event_sur1_savage_00002_ja,event_sur1_savage_00002,ja,毒ダメージ軽減のキャラを編成してみよう!,【属性情報】 \n青属性の敵が登場するので黄属性のキャラは有利に戦うこともできるぞ!\nさらに、無属性の敵も登場するぞ! \n\n【コマ効果情報】\n毒コマが登場するぞ!\n特性で毒ダメージ軽減を持っているキャラを編成しよう!\n\n【ギミック情報】 \n毒攻撃をしてくる敵が登場するぞ!\n特性で毒ダメージ軽減を持っているキャラを編成しよう! \n\nこのステージでは、『空間を操る六番組組長 出雲 天花』が登場している時は、\nファントムゲートHPは削れないぞ! \n\nまた、このステージではスピードアタックルールがあるぞ! \n早くクリアすると報酬ゲット!
e,202512010,event_sur1_savage_00003_ja,event_sur1_savage_00003,ja,毒ダメージ軽減のキャラを編成してみよう!,【属性情報】 \n青属性の敵が登場するので黄属性のキャラは有利に戦うこともできるぞ!\n黄属性の敵が登場するので緑属性のキャラは有利に戦うこともできるぞ!\nさらに、無属性の敵も登場するぞ! \n\n【コマ効果情報】\n毒コマが登場するぞ!\n特性で毒ダメージ軽減を持っているキャラを編成しよう!\n\n【ギミック情報】 \n毒攻撃をしてくる敵が登場するぞ!\n特性で毒ダメージ軽減を持っているキャラを編成しよう! \n\nまた、このステージではスピードアタックルールがあるぞ! \n早くクリアすると報酬ゲット!
e,202512010,raid_sur1_00001_ja,raid_sur1_00001,ja,"",このステージは、4段で構成されているぞ!\n\n【ギミック情報】\n『和倉 青羽』を倒すと、一度にたくさんの敵が登場するぞ！\n複数体攻撃をうまく使って敵を倒そう！\n\nまた、ノックバック攻撃をしてくる敵が登場するぞ!\n特性でノックバック無効化を持っているキャラを編成しよう!\n\n敵を多く倒して、スコアを稼ごう!
e,202512010,event_sur1_charaget02_00001_ja,event_sur1_charaget02_00001,ja,キャラを強化してみよう!,【属性情報】\n青属性の敵が登場するので黄属性のキャラは有利に戦うこともできるぞ!\n\n【ギミック情報】\n毒攻撃をしてくる敵が登場するぞ!\n特性で毒ダメージ軽減を持っているキャラを編成しよう!\n\n味方がコマに侵入すると、出現する敵もいるぞ!
e,202512010,event_sur1_charaget02_00002_ja,event_sur1_charaget02_00002,ja,キャラを強化してみよう!,【属性情報】\n青属性の敵が登場するので黄属性のキャラは有利に戦うこともできるぞ!\n\n【ギミック情報】\nノックバック攻撃、毒攻撃をしてくる敵が登場するぞ!\n特性で毒ダメージ軽減を持っているキャラを編成しよう!\n\n味方がコマに侵入すると、出現する敵もいるぞ!
e,202512010,event_sur1_charaget02_00003_ja,event_sur1_charaget02_00003,ja,青属性のキャラを編成してみよう!,【属性情報】\n赤属性の敵が登場するので青属性のキャラは有利に戦うこともできるぞ!\n\n【ギミック情報】\nノックバック攻撃、毒攻撃をしてくる敵が登場するぞ!\n特性で毒ダメージ軽減を持っているキャラを編成しよう!\n\n味方がコマに侵入すると、出現する敵もいるぞ!
e,202512010,event_sur1_charaget02_00004_ja,event_sur1_charaget02_00004,ja,青属性のキャラを編成してみよう!,【属性情報】\n赤属性の敵が登場するので青属性のキャラは有利に戦うこともできるぞ!\n\n【ギミック情報】\nスタン攻撃、毒攻撃をしてくる敵が登場するぞ!\n特性で毒ダメージ軽減を持っているキャラを編成しよう!\n\n時間経過で、突如出現する敵もいるぞ!\n盤面をしっかり確認しよう!
e,202512010,event_sur1_charaget02_00005_ja,event_sur1_charaget02_00005,ja,毒ダメージ軽減のキャラを編成してみよう!,【属性情報】\n赤属性の敵が登場するので青属性のキャラは有利に戦うこともできるぞ!\nさらに、無属性の敵も登場するぞ!\n\n【ギミック情報】\n毒攻撃をしてくる敵が登場するぞ!\n特性で毒ダメージ軽減を持っているキャラを編成しよう!\n\n味方がコマに侵入すると、出現する敵や\nファントムゲートにダメージを与えると出現する敵もいるぞ!
e,202512010,event_sur1_charaget02_00006_ja,event_sur1_charaget02_00006,ja,毒ダメージ軽減のキャラを編成してみよう!,【属性情報】\n赤属性の敵が登場するので青属性のキャラは有利に戦うこともできるぞ!\nさらに、無属性の敵も登場するぞ!\n\n【ギミック情報】\n毒攻撃をしてくる敵が登場するぞ!\n特性で毒ダメージ軽減を持っているキャラを編成しよう!\n\nファントムゲートにダメージを与えると出現する敵もいるぞ!
e,202512010,event_sur1_charaget02_00007_ja,event_sur1_charaget02_00007,ja,毒ダメージ軽減のキャラを編成してみよう!,【属性情報】\n赤属性の敵が登場するので青属性のキャラは有利に戦うこともできるぞ!\n青属性の敵が登場するので黄属性のキャラは有利に戦うこともできるぞ!\nさらに、無属性の敵も登場するぞ!\n\n【コマ効果情報】\n毒コマが登場するぞ!\n\n【ギミック情報】\n毒攻撃をしてくる敵が登場するぞ!\n特性で毒ダメージ軽減を持っているキャラを編成しよう!\n\n強敵の『空間を操る六番組組長 出雲 天花』は必殺ワザで強力な範囲攻撃をしてくるぞ!
e,202512010,event_sur1_charaget02_00008_ja,event_sur1_charaget02_00008,ja,毒ダメージ軽減のキャラを編成してみよう!,【属性情報】\n赤属性の敵が登場するので青属性のキャラは有利に戦うこともできるぞ!\n青属性の敵が登場するので黄属性のキャラは有利に戦うこともできるぞ!\nさらに、無属性の敵も登場するぞ!\n\n【ギミック情報】\n毒攻撃をしてくる敵が登場するぞ!\n特性で毒ダメージ軽減を持っているキャラを編成しよう!\n\n味方がコマに侵入すると、出現する敵もいるぞ!\n\n強敵の『空間を操る六番組組長 出雲 天花』は必殺ワザで強力な範囲攻撃をしてくるぞ!
